t_ms,label,f1,f2,f3,f4,f5,ax,ay,az,gx,gy,gz
822,1,1387,0,54,0,5,-0.27,8.68,4.88,-0.09,0.01,-0.00
842,1,1391,9,5,6,5,-0.22,8.82,4.69,-0.01,-0.06,-0.02
862,1,1383,0,17,0,0,-0.15,8.97,4.71,-0.03,-0.08,-0.01
882,1,1382,4,0,6,7,-0.14,8.98,4.63,-0.08,-0.05,-0.02
902,1,1381,0,1,0,0,-0.16,8.96,4.47,-0.09,-0.03,-0.01
922,1,1383,5,16,2,2,-0.22,8.81,4.48,-0.07,-0.05,-0.03
942,1,1385,0,0,0,1,-0.18,8.84,4.49,-0.02,-0.07,-0.04
962,1,1390,0,0,0,0,-0.11,8.92,4.43,0.01,-0.07,-0.05
982,1,1385,0,0,2,6,-0.11,8.97,4.38,-0.01,-0.04,-0.04
1002,1,1382,0,4,0,0,-0.07,8.91,4.33,-0.01,-0.02,-0.03
1022,1,1384,5,0,1,1,-0.06,9.01,4.36,-0.03,-0.00,-0.04
1042,1,1378,3,10,4,0,-0.01,9.03,4.44,-0.04,0.01,-0.04
1062,1,1382,0,0,2,6,-0.08,9.00,4.45,-0.04,0.05,-0.02
1082,1,1382,2,0,0,7,-0.08,9.08,4.55,-0.04,0.05,-0.01
1102,1,1378,4,1,0,1,-0.08,9.01,4.63,-0.06,0.05,-0.01
1122,1,1387,1,0,1,0,-0.10,9.11,4.57,-0.04,0.05,0.00
1142,1,1385,0,0,0,1,-0.06,9.01,4.75,-0.06,0.06,0.00
1162,1,1390,1,2,5,3,-0.07,9.00,4.59,-0.05,0.06,0.01
1182,1,1390,0,0,0,2,-0.13,8.94,4.70,-0.06,0.07,0.02
1202,1,1387,2,0,2,2,-0.19,8.92,4.64,-0.05,0.06,0.02
1222,1,1393,5,0,1,1,-0.18,8.95,4.74,-0.04,0.04,0.03
1242,1,1393,4,2,6,0,-0.16,9.08,4.62,-0.05,0.02,0.03
1262,1,1390,0,0,1,0,-0.14,9.12,4.76,-0.06,-0.00,0.04
1282,1,1390,1,0,6,0,-0.15,9.06,4.62,-0.07,-0.01,0.05
1302,1,1392,0,3,4,0,-0.04,8.91,4.68,-0.03,-0.04,0.06
1322,1,1390,4,1,0,5,-0.15,8.78,4.58,-0.03,-0.05,0.05
1342,1,1398,1,0,1,9,-0.16,8.70,4.68,-0.03,-0.06,0.04
1362,1,1392,12,13,1,1,-0.12,8.73,4.54,-0.03,-0.06,0.02
1382,1,1391,0,0,5,0,-0.17,8.78,4.64,-0.03,-0.05,0.01
1402,1,1397,9,1,0,2,-0.06,8.88,4.62,-0.03,-0.05,0.00
1422,1,1412,1,1,0,0,-0.13,8.92,4.60,-0.03,-0.02,0.00
1442,1,1420,0,7,2,9,-0.12,9.00,4.47,-0.03,-0.01,0.01
1462,1,1421,4,0,0,0,-0.15,8.86,4.52,-0.06,0.01,0.01
1482,1,1420,3,9,3,0,-0.09,8.82,4.63,-0.05,0.00,0.01
1502,1,1411,0,6,0,9,-0.11,8.93,4.56,-0.03,0.01,-0.00
1522,1,1420,2,21,0,0,-0.12,8.89,4.52,-0.01,-0.00,0.00
1542,1,1416,0,18,4,2,-0.06,8.95,4.64,-0.02,0.00,0.00
1562,1,1419,0,6,0,2,-0.02,8.89,4.67,-0.02,0.01,-0.00
1582,1,1416,0,2,3,1,0.02,8.89,4.56,-0.01,0.02,-0.00
1602,1,1420,0,0,0,3,-0.03,9.03,4.70,-0.01,0.01,0.00
1622,1,1416,5,1,1,2,-0.00,9.05,4.74,-0.05,0.02,0.02
1642,1,1422,1,0,0,0,-0.02,8.91,4.65,-0.05,0.04,0.03
1662,1,1419,5,0,3,0,-0.06,8.91,4.72,-0.01,0.02,0.04
1682,1,1420,3,8,2,6,-0.10,8.96,4.65,-0.00,-0.01,0.04
1702,1,1420,0,0,0,0,0.02,8.91,4.67,-0.02,-0.01,0.04
1722,1,1423,2,0,1,9,-0.09,8.98,4.60,-0.04,0.02,0.04
1742,1,1420,0,0,12,0,-0.06,9.07,4.60,-0.05,0.02,0.04
1762,1,1418,7,3,0,0,-0.12,9.10,4.62,-0.07,0.02,0.03
1782,1,1423,2,7,4,0,-0.15,8.93,4.64,-0.07,0.02,0.05
1802,1,1417,2,0,1,0,-0.17,8.94,4.70,-0.05,-0.01,0.06
1822,1,1420,4,0,0,0,-0.20,8.89,4.58,-0.05,-0.03,0.04
1842,1,1423,2,11,6,0,-0.07,8.88,4.56,-0.05,-0.02,0.02
1862,1,1416,0,0,3,0,-0.01,8.95,4.61,-0.06,-0.01,0.01
1882,1,1422,0,0,3,1,-0.01,8.98,4.64,-0.07,0.02,0.02
1902,1,1424,0,0,37,2,0.02,9.10,4.56,-0.08,0.01,0.02
1922,1,1418,0,1,0,0,0.01,8.99,4.56,-0.08,0.01,0.03
1942,1,1426,1,1,0,1,0.03,9.00,4.66,-0.05,0.00,0.03
1962,1,1426,1,0,5,6,0.07,8.98,4.56,-0.05,-0.00,0.04
1982,1,1428,1,0,9,3,0.09,8.95,4.53,-0.04,-0.02,0.05
2002,1,1426,1,3,6,4,0.06,9.04,4.69,-0.07,-0.01,0.05
2022,1,1432,2,0,0,0,-0.07,8.95,4.62,-0.12,0.02,0.07
2042,1,1437,0,1,1,2,-0.00,8.88,4.84,-0.09,-0.03,0.08
2062,1,1433,1,4,0,0,-0.02,8.93,4.75,-0.04,-0.04,0.07
2082,1,1429,3,14,2,0,0.03,9.00,4.68,-0.00,-0.05,0.08
2102,1,1436,0,7,9,3,0.08,8.89,4.64,-0.00,-0.06,0.09
2122,1,1436,0,7,3,1,0.17,8.94,4.61,-0.03,-0.05,0.08
2142,1,1442,0,15,0,2,0.09,8.83,4.65,-0.04,-0.04,0.08
2162,1,1436,0,0,6,0,0.11,8.97,4.72,-0.04,-0.03,0.07
2182,1,1441,0,7,0,0,0.13,9.00,4.56,-0.02,-0.04,0.07
2202,1,1442,3,0,2,1,0.39,9.05,4.70,0.03,-0.09,0.09
2222,1,1445,0,0,0,2,0.68,9.58,5.03,0.08,-0.08,0.11
2242,1,1443,0,0,0,6,1.33,10.35,5.46,0.11,-0.02,0.15
2262,1,1442,6,1,2,1,2.21,11.15,6.05,0.15,0.03,0.21
2282,1,1442,0,0,2,2,3.17,12.36,6.52,0.43,0.05,0.29
2302,1,1433,0,0,0,0,4.15,14.93,6.90,0.94,0.27,0.53
2322,1,1432,4,0,1,5,4.68,17.49,7.12,1.05,0.64,1.06
2342,1,1449,0,0,0,9,4.73,18.27,6.72,0.54,1.07,1.79
2362,1,1460,1,0,0,0,3.60,17.78,5.60,-0.12,1.32,2.32
2382,1,1462,0,3,2,5,2.83,16.90,4.71,-0.41,1.20,2.61
2402,1,1453,0,0,5,0,2.62,15.56,3.46,-0.25,1.40,2.88
2422,1,1456,5,0,3,0,2.54,14.91,2.97,0.31,2.02,3.24
2442,1,1426,0,0,0,8,1.40,13.67,2.33,0.26,2.42,3.51
2462,1,1423,2,5,0,1,1.14,12.07,0.92,0.20,2.74,3.63
2482,1,1434,0,0,0,0,0.63,10.39,0.25,0.57,3.44,3.76
2502,1,1407,1,13,752,4,0.48,8.91,-0.03,1.08,4.22,3.93
2522,1,1357,482,665,1434,2,-0.25,8.08,1.66,0.22,4.37,3.46
2542,1,1355,614,1306,1808,7,0.04,6.96,-0.78,-1.02,4.37,3.03
2562,1,1360,678,1469,1884,0,-3.44,5.41,8.42,-2.70,4.37,2.34
2582,1,1368,1139,1861,2013,10,-3.42,1.81,4.69,-0.06,2.69,3.38
2602,1,1362,1268,1986,2094,0,-1.96,4.00,-0.30,1.76,0.92,3.62
2622,1,1355,1126,2192,2170,0,-2.03,0.88,3.52,1.94,0.12,3.25
2642,1,1350,765,2039,2277,4,-2.48,3.09,4.99,1.35,0.85,2.98
2662,1,1340,302,1867,2442,5,-1.22,3.27,4.11,0.81,1.76,2.00
2682,1,1315,0,1733,2484,2,-1.11,1.36,3.51,0.63,2.60,1.39
2702,1,1342,588,1651,2485,12,-1.59,5.90,5.65,-0.24,2.73,0.83
2722,1,1307,987,2427,2556,1,-6.19,-0.20,15.11,-2.10,-0.80,-1.11
2742,1,1351,635,2361,2608,57,1.26,1.13,7.24,-2.30,-3.29,-1.49
2762,1,1463,257,2308,2512,65,2.65,4.58,7.13,1.66,-1.40,-0.08
2782,1,1464,1,2271,2492,73,3.99,7.48,4.76,1.06,-1.53,0.21
2802,1,1461,0,2254,2470,73,5.96,8.25,5.45,0.89,-0.15,-0.01
2822,1,1437,3,2238,2503,72,5.03,7.59,6.50,0.53,-0.41,-0.01
3826,1,1683,2915,2770,2592,2958,3.66,17.37,4.25,3.43,0.24,-2.71
3846,1,1688,2914,2755,2585,2940,3.79,17.00,2.62,1.35,0.30,-2.20
3866,1,1560,2905,2739,2569,2935,4.11,17.01,2.92,-0.57,-0.57,-1.80
3886,1,1490,2901,2737,2570,2939,6.40,14.91,2.44,-0.36,-0.43,-1.25
3906,1,1358,2893,2758,2558,2939,7.50,14.13,2.08,0.60,-0.16,-0.65
3926,1,1181,2889,2750,2563,2944,7.47,13.56,2.75,0.51,-0.30,-0.26
3946,1,1085,2890,2747,2590,2950,7.56,12.14,2.72,0.02,-0.27,-0.03
3966,1,982,2887,2735,2584,2940,7.12,10.64,2.76,-0.16,-0.37,0.21
3986,1,996,2878,2741,2608,2939,6.73,9.52,3.27,-0.31,-0.23,0.33
4006,1,976,2882,2740,2610,2942,6.19,8.78,3.06,-0.35,0.23,0.32
4026,1,1022,2868,2753,2612,2942,5.52,8.52,2.98,-0.42,0.23,0.26
4046,1,1023,2862,2748,2609,2938,5.24,8.57,2.80,-0.25,0.08,0.26
4066,1,967,2862,2741,2600,2932,4.69,8.40,2.86,-0.31,-0.06,0.24
4086,1,906,2866,2734,2601,2930,4.60,7.98,2.72,-0.41,-0.16,0.22
4106,1,792,2865,2729,2594,2924,4.25,7.56,2.60,-0.39,-0.17,0.19
4126,1,533,2869,2715,2586,2916,3.84,7.27,2.30,-0.23,-0.06,0.13
4146,1,346,2864,2710,2577,2902,3.51,7.12,2.24,-0.11,0.04,0.06
4166,1,350,2849,2707,2531,2886,3.09,7.11,1.88,-0.07,0.13,-0.02
4186,1,96,2795,2671,2520,2858,2.65,7.04,1.64,-0.05,0.25,-0.07
4206,1,170,2748,2604,2484,2821,2.55,7.31,1.17,0.04,0.58,-0.07
4226,1,891,2578,2526,2388,2766,3.65,7.71,1.52,-0.27,0.96,0.05
4246,1,1278,2314,2471,2202,2692,1.75,6.98,0.87,0.04,1.22,-0.21
4266,1,1303,1043,2386,2092,2449,3.34,5.80,-2.32,0.50,2.13,-0.24
4286,1,1349,0,2226,1806,2010,2.13,8.91,0.66,1.37,1.02,-0.29
4306,1,1292,0,2103,1218,1674,3.89,10.25,-0.22,1.61,1.48,-0.81
4326,1,1246,1,1197,486,0,3.16,12.80,0.26,1.83,2.18,-0.98
4346,1,1244,1,180,0,5,6.05,14.49,-1.57,3.62,3.94,-0.90
4366,1,1210,1,0,1,6,7.63,17.65,-2.58,4.37,3.92,-0.30
4386,1,1253,1,2,501,0,7.79,19.58,-0.62,4.37,3.76,0.48
4406,1,1287,0,5,834,0,8.19,18.01,-2.16,3.02,3.44,0.99
4426,1,1303,2,21,890,1,7.77,16.45,-1.09,1.98,3.87,1.26
4446,1,1299,1,715,1234,0,6.65,14.60,0.23,1.23,4.37,1.45
4466,1,1282,2,836,1842,4,4.99,13.12,0.87,0.57,4.37,1.65
4486,1,1278,0,1041,2133,0,3.50,9.82,2.37,0.12,4.37,1.84
4506,1,1265,0,1583,2288,3,1.98,8.68,3.39,0.61,4.37,2.06
4526,1,1243,1,1852,2395,3,1.35,8.53,2.64,0.91,4.37,2.11
4546,1,1233,2,1980,2420,0,0.84,7.39,3.81,0.72,4.00,2.13
4566,1,1264,0,1998,2533,5,0.62,6.75,3.76,0.69,3.89,2.04
4586,1,1264,1,2021,2564,1,0.05,5.81,4.06,0.52,3.62,1.90
4606,1,1237,0,2015,2541,1,0.07,5.46,5.61,0.61,3.36,1.64
4626,1,1264,1,2027,2521,4,0.26,5.94,4.94,0.55,3.36,1.27
4646,1,1284,0,2011,2521,1,0.69,6.12,4.80,0.41,2.95,0.87
4666,1,1264,1,2002,2512,57,1.52,6.50,3.54,0.11,2.30,0.55
4686,1,1294,1,1979,2492,62,1.41,6.39,4.60,0.06,1.63,0.48
4706,1,1301,3,1837,2469,56,0.99,7.13,5.07,0.09,1.46,0.45
4726,1,1276,1,1376,2431,62,0.30,7.03,7.57,-0.95,0.32,-0.25
4746,1,1280,2,1694,2433,87,1.16,4.88,5.90,-1.95,-0.29,-0.66
4766,1,1256,2,1886,2420,91,1.28,4.60,4.22,-1.30,-0.08,-0.60
4786,1,1267,1,2139,2405,85,2.72,7.55,4.31,0.14,-0.88,-0.16
4806,1,1243,4,2114,2423,78,3.52,9.77,3.92,0.64,-1.00,0.22
4826,1,1293,2,1677,2458,72,3.29,9.75,5.58,-0.08,-0.60,0.04
4846,1,1295,2,1642,2486,82,3.13,8.71,5.40,-0.78,-0.22,-0.31
4866,1,1306,4,1625,2535,95,2.95,8.52,4.85,-0.75,-0.49,-0.37
4886,1,1329,0,2109,2578,95,3.57,8.46,3.96,-0.27,-0.99,-0.18
4906,1,1310,0,2029,2594,99,4.61,8.82,3.69,-0.08,-0.97,-0.09
4926,1,1320,0,1866,2639,99,5.04,8.51,3.28,-0.16,-0.57,-0.17
4946,1,1322,3,2157,2661,97,5.97,8.32,2.93,-0.24,-0.52,-0.24
4966,1,1354,1,2215,2658,95,6.42,7.43,3.51,-0.35,-0.62,-0.27
4986,1,1311,0,2160,2638,90,6.88,6.24,3.51,-0.28,-0.80,-0.33
5006,1,1287,2,2183,2498,87,7.47,5.54,3.93,0.16,-1.18,-0.30
5026,1,1334,0,2060,2313,25,7.69,6.17,4.33,-0.16,-1.35,-0.43
5046,1,1363,5,1752,2228,2,7.48,5.91,4.69,-0.85,-1.48,-0.76
5066,1,1349,2,1633,2194,1,6.95,4.75,4.76,-1.24,-1.24,-0.95
5086,1,1350,1,1519,2013,0,6.63,3.95,4.81,-0.80,-0.87,-0.75
5106,1,1392,1,1486,1809,1,5.71,3.21,5.19,-0.30,-0.82,-0.39
5126,1,1419,2,1025,1696,2,5.27,3.56,5.42,0.06,-0.85,-0.16
5146,1,1435,2,980,1674,1,5.49,5.01,5.88,0.49,-1.10,-0.04
5166,1,1379,0,978,1685,0,6.26,8.12,7.52,1.14,-1.02,0.17
5186,1,1349,2,833,1680,3,7.35,8.95,6.99,1.03,-0.99,0.17
5206,1,1338,1,1,970,3,6.90,8.40,7.21,-0.13,-1.23,-0.02
5226,1,1333,0,0,0,679,6.39,7.51,7.11,-1.89,-1.59,-0.73
5246,1,1338,1,2,0,695,7.36,7.24,6.65,-1.95,-1.97,-1.00
5266,1,1347,3,8,2,620,8.83,7.70,6.28,-1.77,-3.16,-0.84
5286,1,1342,1,1,0,0,9.85,8.95,5.94,-2.66,-3.85,-0.73
5306,1,1356,0,0,1,1,11.52,9.78,4.04,-4.15,-4.06,-0.71
5326,1,1354,1,1,0,11,10.15,8.26,3.83,-4.37,-3.58,-0.90
5346,1,1284,0,1,4,2,10.24,8.20,3.33,-4.37,-2.76,-0.94
5366,1,1323,495,7,1,976,9.69,9.43,3.29,-4.37,-2.55,-0.45
5386,1,1329,1316,0,1,1817,9.13,9.47,2.42,-4.37,-2.05,0.65
5406,1,1335,1376,18,1,1974,8.34,8.15,3.37,-4.37,-1.61,1.71
5426,1,979,1442,517,536,2175,8.01,4.36,1.51,-4.37,-1.43,1.86
5446,1,58,1657,954,734,2435,5.09,4.72,3.77,-4.37,-2.29,1.60
5466,1,28,2329,1186,971,2554,3.99,3.42,3.18,-4.37,-3.60,1.91
5486,1,421,2527,1564,1542,2632,7.11,1.05,0.50,-1.72,-3.01,1.79
5506,1,472,2596,1868,1867,2678,7.37,1.11,3.44,-0.08,-2.28,1.96
5526,1,537,2706,2000,1952,2770,5.26,1.23,4.08,-1.28,-2.77,2.02
5546,1,404,2792,2170,2044,2803,4.64,-1.15,3.87,-3.14,-2.52,1.01
5566,1,83,2827,2255,2211,2854,4.34,-2.43,2.33,-3.72,-1.82,0.98
5586,1,1035,2841,2445,2239,2886,3.25,-5.54,0.76,-2.58,-1.26,-0.51
5606,1,1227,2848,2461,2383,2885,2.14,-6.07,-0.12,-1.08,-0.88,-1.24
5626,1,1158,2863,2498,2448,2918,4.81,-5.26,0.39,0.82,-0.23,-1.96
5646,1,2021,2873,2560,2542,2951,3.62,-3.92,1.16,1.52,0.07,-2.34
5666,1,1998,2898,2584,2555,2938,3.57,-2.88,1.70,1.47,0.35,-2.94
5686,1,2020,2908,2615,2557,2937,2.86,-1.66,2.28,1.48,0.89,-3.53
5706,1,2006,2916,2633,2597,2939,1.88,-0.41,2.32,1.82,1.25,-4.25
5726,1,1987,2923,2678,2637,2939,1.57,1.87,3.36,2.27,0.97,-4.37
5746,1,2023,2914,2722,2638,2943,3.29,4.84,4.13,2.17,0.50,-4.37
5766,1,1899,2899,2767,2628,2946,3.29,7.61,4.94,2.27,1.20,-4.37
5786,1,1699,2906,2783,2618,2946,1.33,11.29,4.96,2.67,2.14,-4.37
5806,1,1618,2905,2790,2584,2946,0.02,14.44,4.62,3.22,1.81,-4.14
5826,1,1534,2897,2797,2550,2945,1.93,18.45,3.92,3.11,0.40,-3.63
6830,1,1294,0,2,0,0,1.85,11.75,1.51,0.15,0.82,-0.13
6850,1,1296,5,5,0,0,1.83,10.83,1.78,-0.33,0.60,-0.01
6870,1,1296,0,1,0,6,1.87,10.40,1.39,-0.26,0.75,0.08
6890,1,1290,0,14,2,0,1.46,11.04,1.04,0.01,0.60,0.04
6910,1,1290,3,0,1,0,1.26,11.01,0.84,0.18,0.63,0.00
6930,1,1300,5,0,0,3,1.24,9.93,0.55,-0.05,0.52,0.13
6950,1,1294,1,1,0,0,1.48,9.00,0.67,-0.08,0.57,0.32
6970,1,1290,0,12,2,0,1.20,8.93,0.72,-0.02,0.56,0.33
6990,1,1291,2,0,0,5,1.17,9.76,0.51,0.11,0.64,0.12
7010,1,1295,3,1,0,0,0.88,9.64,0.47,-0.37,0.53,-0.01
7030,1,1286,1,21,0,2,1.02,9.97,0.41,-0.23,0.49,-0.04
7050,1,1296,7,5,0,0,1.48,10.37,0.50,-0.04,0.35,-0.03
7070,1,1293,0,0,0,4,2.32,11.36,0.52,0.18,0.42,0.08
7090,1,1299,1,5,3,0,2.86,12.15,0.24,0.37,0.87,0.22
7110,1,1296,0,9,0,4,3.56,11.26,0.95,0.82,1.33,0.28
7130,1,1304,0,5,2,0,2.30,14.58,-1.50,1.69,1.71,0.27
7150,1,1291,13,0,1,4,2.99,15.51,-2.10,2.11,1.96,0.62
7170,1,1307,0,0,6,2,4.32,15.81,-4.41,1.80,2.50,1.19
7190,1,1295,15,15,3,5,4.54,16.94,-2.62,1.17,2.70,1.50
7210,1,1302,2,8,2,7,4.56,16.05,-3.33,1.07,3.78,1.72
7230,1,1313,16,0,3,0,3.70,15.55,-3.19,1.39,4.37,1.73
7250,1,1318,11,0,687,0,2.94,14.23,-2.96,0.78,4.37,1.95
7270,1,1336,7,206,1062,0,2.70,12.86,-2.74,-0.18,4.37,2.05
7290,1,1303,4,400,1318,6,2.29,10.52,-2.28,-0.32,4.37,2.16
7310,1,1293,1,836,1503,3,2.15,8.50,-1.81,-0.01,4.37,2.30
7330,1,1308,0,737,1783,3,0.90,7.60,-0.90,0.04,4.37,2.30
7350,1,1309,3,1487,1914,10,0.52,6.61,0.87,-0.34,4.05,2.16
7370,1,1306,0,1815,2046,2,-0.23,4.70,2.06,-0.85,3.96,1.99
7390,1,1309,0,1863,2086,3,-0.69,3.73,2.26,-0.52,3.76,1.72
7410,1,1330,3,1963,2213,2,-0.33,4.97,2.27,0.21,3.20,1.56
7430,1,1326,1,1966,2262,61,-0.09,5.48,3.01,0.30,2.41,1.40
7450,1,1335,0,2002,2238,50,0.33,5.41,3.13,0.23,1.89,1.31
7470,1,1244,2,2018,2332,51,1.24,6.40,3.01,0.42,1.66,1.27
7490,1,1282,3,2081,2494,57,0.55,6.90,4.33,-0.14,2.16,0.83
7510,1,1263,0,2221,2545,74,2.03,6.45,6.21,-2.43,0.20,-0.67
7530,1,1261,3,2225,2538,86,2.88,4.30,4.00,-3.33,0.55,-1.20
7550,1,1269,8,2223,2564,116,1.20,1.98,11.95,-2.97,-0.08,-1.43
7570,1,1250,2,2206,2562,113,3.62,4.04,4.82,-1.00,-0.87,-0.63
7590,1,1254,3,2255,2588,135,4.34,5.83,3.68,1.13,-1.57,0.30
7610,1,1237,1,2304,2649,132,4.38,7.14,5.79,1.16,-2.04,0.45
7630,1,1372,3,2290,2676,145,2.90,9.49,12.50,0.39,-1.83,0.34
7650,1,1374,0,2290,2739,145,4.58,8.05,4.41,-0.08,-0.90,-0.04
7670,1,1346,3,2250,2745,137,5.27,8.16,3.29,0.07,-0.73,0.03
7690,1,1312,1,2207,2747,134,5.65,8.10,2.41,0.24,-0.97,0.16
7710,1,1267,0,2146,2730,134,7.06,7.86,2.63,0.03,-0.93,0.19
7730,1,1306,1,2170,2667,105,7.55,6.11,4.06,-0.14,-0.79,0.22
7750,1,1239,3,2168,2637,112,7.75,6.51,3.21,-0.33,-0.90,0.00
7770,1,1342,0,2185,2487,91,9.08,6.59,4.39,-0.26,-0.92,-0.05
7790,1,1314,2,2027,2372,82,8.91,5.89,3.11,-0.75,-1.25,-0.49
7810,1,1350,0,1892,2292,96,9.10,4.97,3.07,-1.05,-1.05,-0.66
7830,1,1300,6,1591,2150,11,8.57,4.34,3.04,-0.85,-0.78,-0.69
7850,1,1336,0,1252,2073,3,7.37,4.60,3.75,-0.54,-0.97,-0.66
7870,1,1338,1,1166,2101,0,6.36,5.25,4.15,-0.40,-0.97,-0.55
7890,1,1360,1,1038,1928,4,6.25,6.41,0.91,0.33,-0.70,-0.44
7910,1,1371,0,1027,1889,0,4.69,6.78,4.69,0.57,-0.92,-0.19
7930,1,1387,0,1034,1667,1,4.23,7.91,4.56,0.33,-0.61,-0.21
7950,1,1371,0,1013,1658,0,4.41,7.43,4.68,-0.28,-0.50,-0.41
7970,1,1367,5,946,1566,1,4.01,6.15,4.49,-0.46,-0.50,-0.58
7990,1,1270,1,138,0,750,3.84,4.37,4.62,-0.08,-0.57,-0.51
8010,1,1180,1,6,0,748,2.94,3.48,5.10,-0.93,-1.39,-0.76
8030,1,1316,1276,1,0,736,5.19,3.57,3.52,-0.21,-2.10,-0.87
8050,1,1234,775,0,1,632,7.53,5.44,2.77,0.78,-2.86,-0.92
8070,1,1305,0,0,0,623,9.21,7.85,3.08,0.27,-3.64,-1.06
8090,1,1308,0,0,2,0,11.94,9.31,2.96,-0.84,-4.37,-0.86
8110,1,1269,0,3,0,9,13.38,9.72,0.43,-1.97,-4.37,-0.94
8130,1,1204,0,5,0,3,13.98,10.85,-1.74,-3.64,-4.37,-1.15
8150,1,1342,12,11,0,4,12.68,11.76,-1.07,-4.37,-4.37,-1.58
8170,1,1315,0,15,0,1122,13.46,11.87,-4.94,-4.37,-4.11,-1.29
8190,1,1312,6,0,3,1672,11.77,14.10,-1.26,-4.37,-2.49,0.02
8210,1,1332,1184,2,2,1750,10.92,13.16,-0.17,-4.37,-0.13,1.15
8230,1,1221,1476,692,610,1977,8.11,13.11,1.67,-4.37,0.58,2.16
8250,1,1173,1836,1245,890,2337,5.83,9.52,3.01,-4.37,-0.23,2.08
8270,1,1167,2587,1631,1125,2499,1.93,9.09,14.24,-2.91,-2.36,1.97
8290,1,1201,2768,1862,1557,2704,7.05,7.28,2.64,-1.62,-2.15,3.18
8310,1,1346,2853,2154,1801,2784,6.93,7.71,2.89,-0.65,-2.71,4.00
8330,1,1251,2911,2239,1931,2784,4.87,6.41,8.93,-2.58,-3.26,4.08
8350,1,1230,2930,2498,2012,2815,5.80,5.57,9.43,-3.90,-1.94,3.28
8370,1,1188,2930,2604,2160,2839,3.75,1.03,0.17,-4.37,-0.99,2.41
8390,1,909,2938,2635,2365,2848,4.62,-3.39,4.51,-4.25,-0.53,1.83
8410,1,1297,2948,2609,2389,2818,4.55,-3.42,2.74,-3.43,-0.98,0.90
8430,1,1321,2946,2674,2388,2804,4.42,-4.78,1.85,-2.10,-1.40,0.23
8450,1,1569,2952,2722,2506,2809,3.10,-3.69,0.66,-0.62,-1.14,-0.18
8470,1,1483,2940,2748,2523,2808,3.81,-4.24,1.77,0.46,0.24,-0.53
8490,1,1162,2943,2781,2521,2823,3.16,-4.49,1.19,0.50,0.28,-1.35
8510,1,1016,2952,2797,2518,2787,3.27,-3.60,1.23,0.81,0.57,-2.00
8530,1,904,2935,2804,2534,2793,2.94,-2.72,1.06,1.20,0.66,-2.65
8550,1,420,2926,2806,2554,2793,3.06,-1.12,1.83,1.74,0.66,-3.36
8570,1,523,2918,2813,2539,2791,2.76,0.97,2.50,2.33,1.00,-3.93
8590,1,522,2928,2818,2528,2791,2.27,3.23,3.10,2.63,1.13,-4.36
8610,1,566,2932,2822,2523,2798,2.28,5.40,3.34,2.66,0.72,-4.37
8630,1,841,2924,2849,2514,2790,2.82,9.39,3.42,2.63,0.51,-4.37
8650,1,1080,2919,2870,2509,2794,3.78,14.27,3.51,3.22,0.85,-3.76
8670,1,1215,2902,2874,2573,2800,4.86,18.66,5.62,3.59,1.53,-2.42
8690,1,1173,2893,2884,2565,2785,3.32,18.73,2.40,1.95,0.75,-1.90
8710,1,1160,2885,2887,2498,2771,5.07,17.99,2.10,-0.39,-0.48,-1.49
8730,1,1162,2876,2887,2515,2776,7.12,15.61,1.74,-0.34,0.07,-1.00
8750,1,1131,2882,2887,2508,2771,6.45,14.29,2.25,-0.19,0.35,-0.52
8770,1,685,2878,2878,2501,2773,6.77,12.07,1.85,-0.08,-0.15,-0.18
8790,1,688,2881,2876,2505,2769,6.85,10.78,2.31,0.16,-0.31,0.00
8810,1,674,2879,2867,2499,2762,6.57,9.96,2.28,0.16,-0.28,0.13
8830,1,653,2881,2871,2495,2766,6.26,9.51,2.49,0.12,-0.17,0.15
9834,1,1303,4,0,7,0,1.70,9.79,0.04,0.01,0.19,0.06
9854,1,1311,0,9,0,0,1.63,9.79,0.09,0.02,0.23,0.06
9874,1,1305,1,4,1,2,1.60,9.91,0.14,0.05,0.29,0.05
9894,1,1315,5,7,2,0,1.58,9.90,0.24,0.05,0.29,0.06
9914,1,1311,0,0,1,1,1.56,9.91,0.19,-0.00,0.26,0.07
9934,1,1318,1,0,0,0,1.56,9.93,0.29,-0.00,0.28,0.07
9954,1,1321,2,2,1,11,1.65,10.00,0.31,0.03,0.31,0.08
9974,1,1313,0,5,0,0,1.58,10.13,0.34,-0.02,0.30,0.08
9994,1,1322,3,11,13,4,1.59,10.07,0.32,-0.10,0.30,0.08
10014,1,1310,1,5,2,0,1.47,9.92,0.28,-0.16,0.32,0.10
10034,1,1298,3,7,0,1,1.63,9.90,0.25,-0.13,0.31,0.13
10054,1,1299,2,0,0,1,1.84,10.21,-0.08,0.06,0.30,0.14
10074,1,1308,0,7,6,0,2.21,11.34,-0.30,0.38,0.42,0.12
10094,1,1304,0,0,5,0,3.97,11.10,1.15,0.63,0.71,0.17
10114,1,1322,1,0,3,0,3.50,12.96,-0.74,0.84,1.50,0.24
10134,1,1335,0,1,1,0,3.54,14.02,-1.49,1.16,1.82,0.41
10154,1,1327,0,0,6,1,3.64,14.51,-2.12,1.18,2.03,0.64
10174,1,1298,1,0,4,0,4.17,15.48,-3.01,1.17,2.31,0.79
10194,1,1285,0,0,3,0,4.58,16.64,-3.46,0.96,2.38,1.00
10214,1,1286,0,0,0,5,5.19,16.41,-3.15,0.93,2.95,1.40
10234,1,1261,1,0,433,0,4.81,14.92,-2.99,0.58,3.95,1.64
10254,1,1277,0,0,731,4,3.72,13.54,-2.62,-0.21,4.37,1.81
10274,1,1296,0,295,954,5,3.05,11.02,-2.36,-0.41,4.37,1.93
10294,1,1301,3,332,1342,1,3.05,9.97,-1.44,-0.37,4.37,2.22
10314,1,1303,2,621,1711,0,2.31,7.39,-0.99,-0.16,4.37,2.28
10334,1,1308,4,1346,1978,0,2.05,6.42,-0.75,0.09,4.37,2.41
10354,1,1323,6,1748,2089,11,1.34,5.59,-0.22,0.28,4.10,2.39
10374,1,1327,2,1794,2219,1,1.24,4.96,1.16,0.30,3.59,2.20
10394,1,1325,0,1738,2259,68,1.30,4.24,0.91,0.22,3.20,1.94
10414,1,1322,1,1841,2326,69,1.64,5.13,0.87,0.41,3.01,1.59
10434,1,1321,16,2122,2511,68,1.42,5.22,1.85,0.34,2.75,1.23
10454,1,1354,1,2145,2533,73,1.44,4.77,2.80,-0.10,2.85,0.98
10474,1,1330,1,2185,2593,79,1.42,3.82,2.40,-0.14,2.96,0.85
10494,1,1315,2,2359,2698,164,1.41,4.60,2.58,0.27,2.55,0.73
10514,1,1143,2,2212,2597,808,-2.20,5.12,6.80,0.74,1.41,0.42
10534,1,1330,4,2064,2398,844,-0.26,7.05,6.42,-0.96,-1.54,-0.37
10554,1,1304,1,2059,2501,885,2.45,5.67,4.93,-1.01,-1.47,-0.48
10574,1,1328,0,2046,2526,841,3.72,7.54,2.80,0.31,-0.40,-0.12
10594,1,1331,1,2060,2523,870,4.72,9.19,2.66,0.32,-0.57,0.08
10614,1,1338,1,2138,2498,869,5.06,8.99,3.34,0.38,-0.50,0.24
10634,1,1335,5,2106,2534,148,5.10,8.50,3.77,0.14,-0.69,0.21
10654,1,1331,0,2170,2586,144,4.66,8.09,4.03,-0.13,-0.67,0.10
10674,1,1317,0,2216,2620,150,4.97,8.46,3.98,-0.12,-0.72,-0.04
10694,1,1318,2,2247,2708,112,4.95,8.38,3.71,-0.15,-0.62,-0.11
10714,1,1331,0,2265,2746,100,5.84,8.47,3.06,-0.14,-0.44,-0.06
10734,1,1202,2,2272,2736,1,5.98,7.92,3.00,-0.17,-0.63,-0.08
10754,1,1304,0,2245,2679,1,6.58,7.62,2.27,-0.12,-0.64,-0.06
10774,1,1292,0,2247,2657,0,6.80,7.66,2.37,-0.08,-0.69,-0.16
10794,1,1276,4,2230,2631,0,7.24,7.84,2.27,-0.24,-0.70,-0.27
10814,1,1235,0,2253,2616,9,7.50,8.08,2.42,-0.40,-0.69,-0.42
10834,1,1231,0,2232,2533,2,6.93,6.68,2.60,-0.78,-0.72,-0.55
10854,1,1166,0,2093,2401,1,7.36,6.38,2.20,-0.64,-0.72,-0.55
10874,1,1126,3,2001,2371,0,6.84,6.17,2.46,-0.47,-0.91,-0.52
10894,1,1139,1,1782,2199,12,6.74,6.45,2.92,-0.45,-1.08,-0.54
10914,1,1250,2,1470,2014,3,6.25,6.59,3.14,-0.16,-0.87,-0.54
10934,1,1169,0,1274,1993,7,5.48,6.46,3.73,-0.42,-0.70,-0.54
10954,1,1245,3,964,1914,5,3.05,8.21,9.35,-0.05,-1.09,0.01
10974,1,1272,0,837,1724,0,4.70,5.97,3.75,0.42,-0.65,-0.13
10994,1,1307,8,799,1697,5,5.62,7.38,3.90,0.48,-0.64,-0.04
11014,1,1301,0,739,1575,3,6.58,7.87,3.89,0.28,-0.53,0.06
11034,1,1318,4,210,994,18,6.67,8.35,4.92,-0.19,-0.55,0.15
11054,1,1334,0,2,0,622,6.75,8.50,4.70,-0.86,-1.15,0.00
11074,1,1336,1,7,0,562,6.82,7.66,4.49,-1.72,-1.99,-0.40
11094,1,1304,0,0,4,621,8.23,6.96,3.92,-2.10,-2.51,-0.60
11114,1,1244,6,0,0,643,9.40,7.41,4.43,-2.02,-3.20,-0.42
11134,1,1226,0,9,0,350,9.80,7.47,3.87,-2.74,-3.70,-0.14
11154,1,1276,2,0,0,6,10.17,7.84,3.30,-3.63,-3.65,-0.09
11174,1,1157,0,4,3,9,9.71,7.80,2.43,-4.37,-3.63,-0.30
11194,1,1214,0,0,2,2194,9.58,7.97,1.92,-4.37,-3.53,-0.46
11214,1,1307,6,692,6,2403,9.51,9.83,1.72,-4.37,-3.31,-0.29
11234,1,1332,2,1213,839,2628,10.84,9.16,1.45,-4.37,-2.10,0.52
11254,1,1329,2,1737,1523,2803,10.48,8.64,2.29,-4.37,-0.94,1.09
11274,1,1632,2161,1909,1808,2885,7.63,6.39,2.98,-4.37,-0.70,1.28
11294,1,1232,2743,2411,2107,2954,6.93,4.93,3.71,-4.37,-1.22,1.33
11314,1,1197,2918,2540,2162,2954,7.25,4.87,3.66,-2.87,-2.19,1.35
11334,1,1197,2988,2583,2299,2959,7.73,5.76,3.32,-1.30,-2.34,1.84
11354,1,1922,3017,2633,2381,2968,9.98,4.29,2.87,-0.79,-2.24,2.67
11374,1,1816,3013,2586,2452,2981,7.37,2.64,3.33,-0.49,-0.87,2.54
11394,1,1474,3006,2574,2470,2980,5.83,1.12,4.06,-1.63,-1.19,1.58
11414,1,1366,3003,2725,2657,2954,6.93,-0.27,2.84,-1.97,-1.15,1.38
11434,1,1244,3002,2773,2703,2979,5.28,-1.47,3.59,-2.17,-0.61,1.18
11454,1,1326,2996,2793,2697,2978,4.77,-2.91,1.91,-2.27,-0.67,0.55
11474,1,1487,3001,2802,2716,3002,4.47,-4.10,2.18,-1.96,-0.99,-0.28
11494,1,1534,2996,2814,2721,3004,4.66,-4.71,1.83,-0.72,-0.65,-1.03
11514,1,1457,2998,2806,2708,3000,4.27,-4.03,2.20,0.64,-0.43,-1.63
11534,1,1547,2999,2811,2750,3003,3.91,-3.03,2.05,1.35,-0.33,-2.15
11554,1,1361,2999,2813,2813,3005,2.97,-1.55,2.80,1.49,-0.14,-2.59
11574,1,1411,2990,2812,2805,3006,2.57,0.22,2.85,1.20,-0.07,-3.08
11594,1,1274,2977,2815,2815,3002,1.87,1.33,3.07,0.83,-0.08,-3.69
11614,1,1072,2973,2811,2827,3002,1.98,1.83,2.72,0.90,0.02,-4.21
11634,1,925,2971,2800,2843,2999,1.85,4.16,2.63,1.49,0.23,-4.37
11654,1,867,2969,2794,2843,3002,0.53,6.73,5.65,2.88,0.25,-4.30
11674,1,846,2972,2800,2813,3004,1.73,11.82,3.76,2.49,-0.18,-3.96
11694,1,985,2974,2806,2780,2988,2.75,14.67,3.06,1.72,-0.61,-3.57
11714,1,1283,2971,2843,2774,3003,4.41,17.80,2.21,0.69,-0.55,-2.91
11734,1,1263,2961,2855,2759,3003,5.16,17.79,1.89,-0.32,-0.03,-2.33
11754,1,1260,2961,2863,2745,3006,5.44,16.50,1.83,-0.76,0.46,-1.78
11774,1,1050,2961,2863,2746,3008,5.78,16.34,1.98,-0.39,0.19,-1.33
11794,1,917,2956,2869,2758,3006,6.75,15.02,1.75,0.26,-0.41,-0.82
11814,1,701,2951,2874,2751,3005,6.79,14.38,1.95,0.63,-0.61,-0.41
11834,1,880,2944,2867,2749,3004,7.11,13.90,1.49,0.51,-0.40,0.03
12838,1,1256,1,0,1,0,4.09,8.74,2.36,-0.22,-0.04,-0.06
12858,1,1260,1,5,1,7,4.13,8.66,2.37,-0.13,-0.05,-0.04
12878,1,1262,0,3,1,0,4.20,8.63,2.53,-0.06,-0.00,-0.01
12898,1,1259,2,3,0,0,4.15,8.93,2.73,-0.05,0.08,0.01
12918,1,1261,0,0,6,2,4.13,8.85,2.80,-0.09,0.16,0.01
12938,1,1260,0,1,1,0,4.02,8.72,2.77,-0.07,0.15,0.03
12958,1,1260,5,0,1,1,4.01,8.89,2.77,-0.04,0.08,0.05
12978,1,1262,9,2,0,6,4.09,8.82,2.82,-0.01,0.04,0.07
12998,1,1261,0,0,0,0,4.14,9.09,3.01,-0.02,0.09,0.06
13018,1,1257,0,0,0,0,4.11,9.04,3.08,-0.10,0.21,0.06
13038,1,1262,2,2,1,3,4.02,8.89,3.17,-0.15,0.27,0.07
13058,1,1265,2,2,1,0,4.29,9.02,3.10,-0.08,0.26,0.08
13078,1,1260,1,0,0,0,4.54,9.27,3.45,-0.08,0.26,0.10
13098,1,1265,0,1,4,0,5.02,9.74,3.58,-0.08,0.36,0.12
13118,1,1269,0,0,2,3,5.64,10.37,4.05,-0.07,0.55,0.16
13138,1,1268,3,2,0,3,5.88,10.79,4.24,-0.09,0.91,0.27
13158,1,1278,0,2,0,2,5.77,11.22,4.16,0.08,1.22,0.42
13178,1,1282,2,0,3,2,5.94,11.89,3.75,0.17,1.24,0.61
13198,1,1277,2,1,0,0,6.05,11.91,3.55,0.10,1.31,0.82
13218,1,1289,0,1,5,7,6.23,11.81,3.16,0.26,1.48,1.02
13238,1,1275,0,0,0,0,6.35,12.12,2.83,0.50,1.59,1.25
13258,1,1291,3,1,0,12,6.19,12.03,2.46,0.66,1.67,1.50
13278,1,1278,5,0,2,2,6.27,11.73,2.09,1.07,2.14,1.65
13298,1,1286,1,5,0,0,5.45,11.04,2.09,0.76,2.44,1.86
13318,1,1277,2,2,0,3,5.14,9.82,1.88,0.22,2.34,1.91
13338,1,1288,0,0,415,0,4.97,8.49,1.57,0.26,2.41,2.05
13358,1,1317,1,243,513,0,4.08,7.38,1.99,0.30,2.43,2.23
13378,1,1323,4,524,1186,4,6.46,3.69,-4.78,0.59,2.74,1.75
13398,1,1331,0,1118,1800,1,5.28,5.90,-0.83,0.71,1.92,2.20
13418,1,1334,3,1520,2114,1,3.17,6.30,2.66,0.91,1.61,2.27
13438,1,1339,0,1974,2159,0,2.27,6.13,3.23,0.78,1.60,2.00
13458,1,1339,0,1785,2479,1,1.73,5.06,4.14,0.50,1.67,1.67
13478,1,1332,1,2098,2514,0,1.09,4.33,4.45,-0.02,2.10,1.30
13498,1,1327,0,2406,2626,82,0.04,5.90,6.18,-0.17,2.12,0.75
13518,1,1327,0,2493,2644,90,-2.94,3.66,7.71,-0.93,1.76,-0.46
13538,1,1330,0,2458,2666,98,-0.51,2.98,8.76,-2.90,-0.29,-1.53
13558,1,1324,0,2431,2664,103,1.78,3.62,5.02,-1.97,0.12,-1.35
13578,1,1314,3,2390,2623,141,2.83,5.20,3.86,-0.04,-0.49,-0.66
13598,1,1298,0,2330,2590,106,3.35,6.69,4.71,0.99,-1.13,-0.01
13618,1,1290,1,2350,2600,112,2.12,8.80,9.65,1.33,-1.90,0.26
13638,1,1292,0,2382,2607,150,3.78,7.78,6.02,0.82,-1.27,0.01
13658,1,1295,0,2391,2672,141,3.83,8.52,5.86,0.18,-0.46,-0.24
13678,1,1239,0,2394,2734,142,3.58,8.49,4.92,0.13,-0.28,-0.33
13698,1,1240,2,2403,2770,139,4.03,8.42,4.36,0.25,-0.56,-0.38
13718,1,1237,0,2426,2815,146,4.15,8.24,4.18,0.34,-0.70,-0.36
13738,1,1242,1,2425,2818,136,1.63,11.02,10.73,0.73,-1.05,-0.05
13758,1,1246,0,2439,2822,134,5.11,8.46,2.99,0.87,-0.82,-0.29
13778,1,1250,1,2426,2819,108,5.74,8.43,4.39,0.60,-0.83,-0.47
13798,1,1248,0,2392,2744,112,7.13,7.64,2.05,0.17,-0.84,-0.70
13818,1,1239,0,2353,2653,7,6.96,6.76,3.67,-0.47,-1.05,-0.91
13838,1,1270,1,2256,2492,0,7.77,6.35,2.97,-0.21,-1.00,-0.84
13858,1,1275,5,2108,2409,0,6.92,6.68,3.22,0.09,-1.39,-0.82
13878,1,1290,7,1975,2341,1,7.62,6.41,5.36,0.02,-1.64,-0.76
13898,1,1279,0,1774,2259,1,6.69,5.70,3.80,-0.20,-1.51,-0.77
13918,1,1285,0,1748,2236,1,5.81,5.37,3.91,0.02,-1.19,-0.64
13938,1,1279,1,1723,2228,1,5.35,4.82,0.57,0.61,-1.14,-0.38
13958,1,1275,1,1702,2216,3,5.32,6.33,0.72,0.83,-1.10,-0.08
13978,1,1251,8,1647,2202,0,4.97,7.81,5.19,0.90,-1.19,-0.09
13998,1,1316,2,1416,2202,6,6.06,9.14,4.30,0.82,-1.12,-0.15
14018,1,1326,3,1030,1828,2,6.32,8.38,5.17,0.31,-0.90,-0.21
14038,1,1304,2,598,429,762,5.13,6.32,6.47,-1.00,-0.76,-0.30
14058,1,1263,0,0,2,622,5.45,5.13,4.72,-1.57,-1.05,-0.59
14078,1,1316,1203,0,0,115,6.70,5.61,3.96,-0.89,-1.80,-0.70
14098,1,1257,895,0,3,618,7.47,6.94,4.22,-0.60,-2.80,-0.78
14118,1,1252,1,1,0,610,7.98,6.37,4.78,-1.76,-3.49,-0.87
14138,1,1235,1,0,0,1,9.22,7.22,3.40,-2.44,-3.96,-0.87
14158,1,1237,6,2,0,0,9.02,8.83,2.59,-2.82,-4.37,-1.02
14178,1,1245,3,0,1,0,9.48,10.73,2.53,-3.82,-4.37,-1.32
14198,1,1209,0,2,5,1421,8.71,11.20,2.84,-4.37,-4.01,-1.29
14218,1,1239,0,4,0,1746,8.60,13.38,-0.50,-4.37,-3.26,-0.86
14238,1,1260,2,438,2,1959,9.08,13.03,2.09,-4.37,-2.73,-0.08
14258,1,1271,0,1257,368,2182,8.96,13.21,2.91,-4.37,-2.26,0.80
14278,1,1250,937,1495,934,2423,7.97,13.64,3.20,-2.92,-1.67,1.36
14298,1,1255,1953,1087,1509,2613,6.56,13.25,4.18,-1.88,-2.44,1.90
14318,1,1212,2517,1842,1555,2727,6.69,13.54,4.96,-1.75,-3.45,2.39
14338,1,1235,2687,1994,1741,2776,9.62,11.31,2.79,-1.02,-2.31,3.30
14358,1,1371,2820,2118,2088,2841,8.48,9.22,2.93,-0.61,-1.28,3.93
14378,1,1313,2869,2108,2158,2908,5.90,7.54,3.53,-1.61,-0.98,4.01
14398,1,1369,2904,2328,2269,2915,6.29,4.88,0.99,-2.92,-0.97,3.37
14418,1,1361,2928,2414,2404,2938,4.70,2.42,2.82,-3.63,-1.32,3.18
14438,1,1283,2943,2445,2449,2942,6.33,0.49,3.95,-3.31,-0.61,2.94
14458,1,1718,2943,2460,2476,2946,5.71,-1.87,4.04,-4.33,-1.58,2.45
14478,1,1914,2951,2475,2527,2961,5.48,-5.25,0.80,-2.63,-0.39,1.65
14498,1,1783,2950,2507,2553,2968,4.10,-5.78,0.81,-1.43,-0.11,0.81
14518,1,1697,2940,2607,2584,2959,3.13,-5.87,1.27,-1.13,-0.54,-0.15
14538,1,1560,2951,2638,2645,2951,2.98,-6.01,1.68,-1.04,-0.86,-1.16
14558,1,1525,2952,2654,2698,2969,3.29,-6.70,-0.10,-0.46,-0.31,-1.70
14578,1,1447,2947,2672,2693,2968,2.66,-5.18,2.09,0.67,0.53,-2.56
14598,1,1291,2949,2668,2701,2964,1.69,-3.20,2.44,0.69,0.78,-3.56
14618,1,1270,2950,2671,2695,2977,1.82,-0.65,3.51,0.73,0.36,-4.21
14638,1,1253,2953,2662,2723,2977,2.17,0.91,4.69,0.64,0.05,-4.37
14658,1,1257,2955,2658,2728,2979,2.64,2.16,4.73,0.41,0.25,-4.37
14678,1,1245,2954,2660,2731,2971,1.84,4.40,4.82,0.74,0.61,-4.37
14698,1,1253,2955,2667,2738,2974,0.41,9.26,5.67,1.63,0.09,-4.37
14718,1,1308,2959,2694,2723,2977,3.56,14.97,5.38,2.18,-0.70,-3.78
14738,1,1306,2944,2691,2719,2958,4.53,18.67,4.78,2.16,-0.56,-2.47
14758,1,1336,2934,2698,2716,2941,2.56,20.23,3.09,1.91,-0.42,-2.64
14778,1,1337,2919,2699,2680,2938,6.42,18.98,2.75,0.33,-0.22,-1.52
14798,1,1346,2905,2697,2630,2940,6.88,16.76,1.74,-0.85,-0.16,-0.89
14818,1,1298,2910,2670,2634,2941,7.86,14.01,0.75,-1.05,0.55,-0.63
14838,1,1189,2901,2665,2618,2948,1.64,21.33,-1.52,-4.37,-3.28,-0.89
15842,1,1321,0,7,1,7,4.25,8.25,0.77,-0.39,0.45,0.16
15862,1,1322,0,1,0,0,4.15,7.97,0.67,-0.32,0.33,0.17
15882,1,1316,3,0,2,1,4.16,7.76,0.61,-0.21,0.20,0.16
15902,1,1320,10,0,1,1,4.32,7.95,0.61,-0.07,0.19,0.11
15922,1,1328,0,0,14,0,4.62,8.05,0.98,-0.17,0.22,0.02
15942,1,1314,7,0,0,3,4.82,8.07,1.19,-0.30,0.42,-0.08
15962,1,1316,13,3,0,1,4.76,8.00,1.17,-0.18,0.45,-0.09
15982,1,1323,0,10,0,0,4.59,8.55,1.13,0.04,0.39,-0.14
16002,1,1320,5,25,7,0,4.51,8.71,1.11,0.09,0.13,-0.21
16022,1,1317,0,2,0,0,4.51,9.39,1.06,0.28,-0.05,-0.25
16042,1,1322,2,0,5,0,4.87,10.13,1.18,0.11,-0.21,-0.18
16062,1,1322,0,0,4,4,5.19,10.17,1.41,-0.17,-0.12,-0.10
16082,1,1323,1,2,4,0,5.14,9.61,1.46,-0.26,0.18,0.02
16102,1,1322,2,0,1,0,5.12,9.01,1.35,-0.18,0.26,0.11
16122,1,1307,1,9,2,0,5.15,8.85,1.39,0.01,0.27,0.16
16142,1,1325,0,20,0,0,5.17,8.96,1.52,0.15,0.32,0.19
16162,1,1315,2,1,11,3,5.13,9.17,1.71,0.16,0.47,0.20
16182,1,1314,2,0,0,1,5.08,9.69,1.73,0.15,0.66,0.19
16202,1,1307,0,6,0,0,4.80,10.16,1.69,0.13,0.83,0.19
16222,1,1309,7,0,14,0,4.83,10.35,1.71,-0.02,0.92,0.23
16242,1,1317,0,0,1,1,5.13,10.27,1.73,-0.25,0.79,0.29
16262,1,1314,1,1,3,0,5.56,10.35,1.58,0.07,0.89,0.40
16282,1,1321,0,10,0,0,6.00,11.98,1.14,0.73,1.00,0.52
16302,1,1310,0,1,0,2,7.13,14.06,0.25,1.54,1.57,0.59
16322,1,1325,0,8,5,0,7.64,16.11,-0.02,1.86,2.84,0.68
16342,1,1310,15,13,0,0,7.74,15.47,-0.42,1.03,3.90,0.94
16362,1,1318,8,0,1,4,6.88,14.34,-0.90,0.07,4.37,1.26
16382,1,1313,1,0,0,1,5.72,12.28,-0.96,-0.14,4.37,1.76
16402,1,1309,0,0,0,0,4.73,9.46,-0.65,-0.24,4.17,2.21
16422,1,1293,4,11,1,0,4.15,7.85,-0.20,-0.27,3.68,2.37
16442,1,1317,0,0,432,0,3.25,6.26,0.84,-0.56,3.33,2.34
16462,1,1282,0,308,855,9,2.59,5.15,0.93,-1.03,2.80,2.30
16482,1,1310,0,678,1662,0,1.43,3.99,1.98,-1.03,2.74,2.17
16502,1,1322,1,1426,2167,1,1.10,3.37,1.98,0.00,2.91,2.05
16522,1,1321,0,1888,2468,3,0.47,3.73,2.41,0.80,2.67,1.81
16542,1,1332,0,1246,2537,0,0.07,4.26,2.70,1.19,2.25,1.54
16562,1,1324,6,2192,2684,76,-0.34,5.14,3.44,0.88,2.25,1.09
16582,1,1332,0,2293,2726,114,-3.05,9.48,4.71,0.54,3.20,0.83
16602,1,1322,2,2399,2743,371,-6.00,2.58,13.42,-1.72,1.51,-0.38
16622,1,1313,3,2512,2782,992,0.67,4.26,2.36,-3.06,-1.76,-1.70
16642,1,1241,3,2499,2775,874,3.28,5.41,1.93,0.96,-0.09,-0.22
16662,1,1293,0,2508,2768,900,3.60,8.23,4.62,2.00,-0.93,0.48
16682,1,1287,2,2537,2810,819,5.83,9.82,5.78,1.60,-2.03,0.20
16702,1,1273,5,2544,2836,484,5.35,8.31,5.89,0.38,-1.23,-0.18
16722,1,1228,1,2546,2836,419,4.55,7.32,5.13,-0.34,-0.59,-0.38
16742,1,1253,0,2559,2835,16,4.71,7.61,4.98,0.02,-0.81,-0.42
16762,1,1258,10,2544,2834,430,5.22,7.22,4.37,0.18,-1.05,-0.38
16782,1,1252,0,2526,2783,288,5.52,6.81,4.09,0.16,-1.10,-0.36
16802,1,1202,14,2459,2751,2,5.31,6.53,3.91,0.03,-1.16,-0.38
16822,1,1215,6,2415,2694,0,5.82,6.53,4.71,0.49,-1.05,-0.37
16842,1,1193,0,2312,2565,0,5.97,6.87,3.62,0.48,-1.30,-0.21
16862,1,1257,3,2183,2454,6,6.57,7.25,3.45,0.34,-1.52,-0.28
16882,1,1255,1,2036,2257,1,6.83,6.72,3.61,0.05,-1.50,-0.38
16902,1,1323,2,1555,1999,0,7.23,6.62,3.87,0.07,-1.31,-0.44
16922,1,1316,0,1045,1831,0,7.61,7.24,3.40,0.07,-1.42,-0.34
16942,1,1349,3,813,1533,0,7.66,8.35,5.29,0.11,-1.53,-0.29
16962,1,1366,1,774,1547,1,7.88,8.53,4.54,0.10,-0.86,-0.20
16982,1,1333,2,0,963,1,7.16,9.11,8.06,-0.62,-0.49,-0.28
17002,1,1372,0,0,1,616,7.64,8.64,7.26,-1.60,-0.54,-0.59
17022,1,1359,2,5,0,594,8.06,7.16,7.48,-2.07,-0.38,-0.83
17042,1,1348,845,8,0,610,8.55,6.65,7.35,-2.31,-0.84,-1.21
17062,1,1367,5,0,0,619,9.56,6.73,7.51,-2.32,-1.99,-1.33
17082,1,1341,9,0,1,251,11.78,8.56,6.96,-2.89,-3.43,-1.08
17102,1,1250,2,3,6,0,12.28,8.78,5.48,-4.26,-3.65,-0.40
17122,1,1234,1,1,1,0,11.76,8.42,4.09,-4.37,-3.36,0.01
17142,1,1224,0,0,2,1389,11.31,8.30,3.33,-4.37,-3.60,0.15
17162,1,1235,1198,0,1,1977,9.56,7.94,3.78,-4.37,-4.37,0.03
17182,1,1245,1262,869,3,2241,13.34,7.06,-2.54,-4.37,-3.14,1.18
17202,1,1087,1392,1373,976,2485,12.32,6.87,3.21,-4.37,-2.58,2.21
17222,1,199,2465,1537,1657,2627,4.63,7.97,8.70,-4.37,-4.21,4.36
17242,1,46,2694,1886,2001,2847,8.59,3.83,1.98,-3.21,-3.82,2.90
17262,1,156,2815,2097,2195,2901,7.12,2.73,3.56,-2.00,-4.15,3.06
17282,1,1295,2850,2175,2234,2928,6.10,2.32,2.57,-2.64,-4.09,3.10
17302,1,1076,2869,2205,2337,2919,6.22,-0.33,3.18,-2.91,-2.39,2.34
17322,1,1160,2889,2284,2381,2926,5.13,-5.49,-0.76,-2.62,-0.63,1.48
17342,1,1200,2907,2234,2395,2929,2.33,-6.98,0.60,-3.22,0.40,-0.82
17362,1,1198,2922,2268,2425,2921,3.25,-5.77,-0.41,-1.94,1.11,-2.51
17382,1,1134,2926,2311,2507,2905,0.28,-6.34,-2.45,0.14,-0.04,-3.04
17402,1,1154,2930,2324,2549,2951,2.73,-4.35,-0.09,2.43,0.39,-3.10
17422,1,875,2923,2329,2579,2938,1.92,-2.00,1.60,3.11,0.29,-3.44
17442,1,1108,2926,2363,2569,2923,1.82,-1.02,3.64,2.16,-0.03,-4.28
17462,1,1134,2929,2312,2538,2917,2.32,1.31,4.04,1.89,0.53,-4.37
17482,1,1173,2923,2242,2530,2910,1.89,3.94,3.58,2.24,1.38,-4.37
17502,1,1193,2920,2314,2534,2910,1.68,7.80,3.31,3.03,1.51,-4.37
17522,1,1215,2910,2511,2514,2909,2.52,11.60,3.54,3.25,0.72,-3.86
17542,1,1212,2901,2577,2441,2895,4.15,15.18,4.57,4.03,-0.18,-2.94
17562,1,1229,2890,2586,2448,2885,4.96,18.84,2.36,2.98,-0.51,-2.02
17582,1,1222,2896,2628,2502,2886,6.82,19.00,0.87,1.04,-0.60,-1.05
17602,1,1224,2891,2625,2494,2871,6.82,17.72,1.26,-0.73,-0.16,-0.52
17622,1,1214,2893,2618,2486,2882,7.32,14.02,1.45,-1.38,0.62,-0.19
17642,1,1146,2884,2570,2514,2894,7.37,11.15,0.74,-1.22,1.02,0.05
17662,1,1134,2879,2569,2540,2889,6.90,9.99,1.12,-0.66,0.93,0.21
17682,1,1104,2885,2558,2509,2893,5.87,7.80,3.81,-0.61,0.35,0.20
17702,1,1032,2871,2566,2508,2895,5.73,7.75,2.41,-0.51,0.43,0.41
17722,1,996,2873,2546,2513,2892,4.56,7.51,2.04,-0.33,0.28,0.49
17742,1,1131,2865,2551,2499,2882,3.40,7.06,2.32,-0.33,0.25,0.54
17762,1,1328,2858,2551,2463,2876,3.37,6.39,1.59,-0.44,0.41,0.58
17782,1,1367,2833,2580,2385,2850,2.75,6.29,1.42,-0.48,0.66,0.55
17802,1,1655,2770,2511,2317,2836,1.92,6.14,1.32,-0.53,0.71,0.39
17822,1,1749,2662,2450,2225,2728,1.75,5.73,0.74,-0.49,0.80,0.20
17842,1,1283,2634,2425,2039,2622,1.88,5.02,0.40,-0.48,0.86,0.06
18846,1,1269,0,0,0,2,3.53,8.91,0.51,-0.77,0.82,0.69
18866,1,1267,0,5,1,3,3.29,8.63,0.72,-1.08,0.76,0.66
18886,1,1257,0,14,0,5,3.13,8.10,0.86,-1.22,0.81,0.57
18906,1,1256,4,5,0,1,2.91,7.82,0.86,-1.20,0.74,0.46
18926,1,1261,0,2,0,0,2.83,7.47,0.93,-1.07,0.57,0.40
18946,1,1265,0,0,0,0,3.16,7.45,0.91,-0.73,0.41,0.37
18966,1,1270,2,0,6,0,3.46,7.70,1.00,-0.31,0.26,0.32
18986,1,1264,1,1,1,0,3.73,7.92,1.20,0.05,0.14,0.20
19006,1,1266,1,1,6,0,4.27,8.18,1.24,0.37,0.12,0.13
19026,1,1267,2,0,1,0,4.44,8.99,1.42,0.62,0.20,0.08
19046,1,1272,1,1,2,2,4.57,9.44,1.52,0.71,0.31,0.07
19066,1,1277,1,5,1,1,5.07,9.53,1.36,0.58,0.44,0.16
19086,1,1279,1,7,5,7,5.39,9.88,1.20,0.61,0.55,0.26
19106,1,1278,0,0,0,0,5.81,9.99,1.02,0.64,0.66,0.39
19126,1,1277,0,0,6,3,6.10,10.40,1.14,0.71,0.87,0.51
19146,1,1274,0,4,0,1,5.95,10.25,1.25,0.77,1.23,0.62
19166,1,1283,2,1,0,1,5.68,10.14,0.90,0.82,1.63,0.66
19186,1,1290,0,0,3,4,5.30,10.11,1.02,0.42,1.78,0.74
19206,1,1302,1,0,3,1,5.12,9.73,1.24,0.01,1.62,0.77
19226,1,1301,0,13,0,6,5.12,9.28,0.97,0.06,1.49,0.75
19246,1,1291,2,0,1,0,4.83,8.79,1.11,-0.01,1.36,0.75
19266,1,1285,3,8,0,0,4.41,8.34,1.47,-0.24,1.25,0.73
19286,1,1281,2,0,0,0,4.56,7.61,1.70,-0.39,1.29,0.65
19306,1,1265,1,32,1,0,5.78,6.60,-0.41,-0.27,1.32,0.58
19326,1,1271,0,0,0,0,5.31,6.96,1.13,0.57,1.04,0.76
19346,1,1281,0,13,0,0,5.18,6.91,3.17,1.53,0.53,0.92
19366,1,1272,0,0,1,6,6.90,8.44,0.97,1.97,0.52,1.01
19386,1,1266,3,0,5,0,7.74,9.82,1.24,2.14,0.80,1.13
19406,1,1268,0,9,0,3,7.71,10.32,1.47,1.73,1.67,1.20
19426,1,1284,0,4,1,2,7.39,9.59,1.38,1.17,2.67,1.22
19446,1,1277,1,0,0,1,6.76,9.09,1.10,0.88,3.25,1.24
19466,1,1291,2,0,2,3,6.04,8.62,0.43,0.94,3.42,1.25
19486,1,1298,0,5,2,1,5.15,7.78,1.08,0.95,3.39,1.43
19506,1,1294,3,0,495,4,4.11,6.91,1.54,0.87,3.07,1.39
19526,1,1285,3,314,1131,0,3.02,6.70,1.68,1.21,3.03,1.33
19546,1,1285,6,882,1866,3,1.90,6.36,2.85,1.11,2.75,1.17
19566,1,1280,0,1798,2129,0,1.73,5.81,2.37,1.26,2.52,1.08
19586,1,1284,0,1934,2441,101,1.20,7.56,3.15,1.52,2.56,1.06
19606,1,1290,1,2085,2362,131,-3.04,7.27,13.30,0.34,1.93,0.70
19626,1,1340,7,2216,2503,133,-1.59,3.37,6.65,-3.44,-1.43,-1.39
19646,1,1277,0,2233,2546,141,3.39,6.14,2.56,-1.34,-0.51,-0.75
19666,1,1277,0,2258,2539,150,4.31,7.70,2.21,0.74,0.17,-0.14
19686,1,1279,0,2373,2591,156,4.37,8.43,3.57,0.83,-1.21,0.01
19706,1,1267,1,2385,2687,159,5.26,8.05,4.54,0.50,-1.48,-0.08
19726,1,1261,0,2376,2724,169,5.66,8.33,3.80,-0.11,-1.05,-0.23
19746,1,1247,0,2382,2718,169,4.92,7.55,3.47,-0.31,-0.88,-0.20
19766,1,1236,5,2371,2767,180,5.59,8.14,2.36,0.11,-0.98,-0.12
19786,1,1226,4,2338,2786,180,5.41,6.91,2.96,-0.25,-1.44,0.00
19806,1,1236,1,2314,2804,153,6.90,7.59,1.56,-0.15,-1.20,-0.10
19826,1,1245,3,2295,2789,158,6.93,7.11,1.63,-0.37,-1.11,-0.19
19846,1,1252,8,2208,2722,143,7.75,8.05,1.45,-0.55,-1.14,-0.28
19866,1,1265,0,2210,2554,103,6.97,6.99,2.18,-0.83,-1.23,-0.48
19886,1,1256,1,2047,2442,87,7.13,6.32,2.03,-0.95,-1.25,-0.70
19906,1,1262,1,1678,2270,0,7.05,5.39,2.05,-0.80,-1.10,-0.62
19926,1,1259,2,1294,2102,1,6.13,4.03,1.76,-0.70,-1.18,-0.54
19946,1,1269,3,998,1978,0,5.35,2.65,1.65,-0.42,-1.62,-0.51
19966,1,1232,3,901,1866,0,5.99,3.65,1.39,0.37,-2.10,-0.30
19986,1,1282,0,855,1820,20,7.18,5.71,2.42,0.89,-2.53,-0.11
20006,1,1285,2,831,1669,4,8.71,7.83,1.88,1.25,-2.34,-0.11
20026,1,1121,6,709,1077,0,9.82,8.71,2.30,1.31,-1.75,-0.11
20046,1,1058,1,6,2,710,9.64,9.46,5.43,0.12,-1.08,-0.19
20066,1,946,1,3,0,982,11.33,9.62,5.58,-1.01,-0.45,-0.21
20086,1,730,657,0,5,6,12.11,8.94,4.81,-1.82,-0.59,-0.83
20106,1,1037,0,1,0,1248,13.94,9.04,4.26,-2.39,-0.99,-1.31
20126,1,1162,5,0,1,705,15.35,10.30,3.28,-2.79,-1.82,-1.25
20146,1,1230,1,2,5,1,14.53,10.87,3.69,-4.03,-2.31,-0.71
20166,1,1235,0,0,1,1373,13.46,10.36,1.58,-4.37,-1.65,0.06
20186,1,966,0,0,0,1706,13.02,10.99,-0.58,-4.37,-0.88,0.45
20206,1,973,2,0,0,1725,11.25,11.11,0.79,-4.37,-0.94,0.70
20226,1,1124,1097,0,0,1772,8.89,8.73,2.17,-4.37,-0.96,0.71
20246,1,1288,1260,450,0,1831,7.03,6.78,3.06,-4.37,-0.89,1.17
20266,1,1310,1675,1277,308,2102,5.04,4.24,2.98,-4.37,-1.29,1.24
20286,1,1317,2537,1545,1053,2311,4.03,-0.43,3.48,-4.37,-2.24,1.74
20306,1,1308,2690,1732,1465,2251,5.37,-1.61,1.41,-1.79,-2.96,1.99
20326,1,1273,2828,1855,1574,2562,5.27,-1.49,2.47,-0.86,-4.37,2.06
20346,1,1406,2886,1891,1985,2667,4.30,1.36,2.25,1.10,-4.37,1.44
20366,1,1355,2898,1994,2072,2694,4.23,0.93,5.02,0.88,-4.06,1.30
20386,1,1315,2949,2171,2073,2785,3.55,0.38,3.25,-0.88,-2.00,0.18
20406,1,1244,2957,2205,2111,2793,1.83,-1.24,3.01,-2.51,-0.28,-1.45
20426,1,1244,2979,2202,2165,2797,1.46,-2.60,2.12,-2.85,0.51,-2.81
20446,1,1222,2982,2203,2259,2779,0.46,-1.59,0.58,-1.69,0.30,-3.67
20466,1,1262,2985,2217,2272,2745,0.71,0.41,2.26,0.54,0.15,-3.67
20486,1,1227,2986,2196,2272,2730,1.28,3.72,2.56,2.69,0.49,-3.17
20506,1,1215,2983,2294,2332,2677,1.87,6.84,3.65,2.18,-0.39,-3.05
20526,1,1229,2985,2331,2258,2690,0.59,8.31,5.09,1.24,-0.57,-3.11
20546,1,1229,2981,2356,2256,2677,3.34,12.73,2.68,0.97,0.04,-3.27
20566,1,1263,2973,2362,2250,2679,3.48,16.60,2.81,1.47,0.11,-2.83
20586,1,1294,2969,2329,2233,2668,5.07,18.28,2.65,1.70,0.23,-1.75
20606,1,1298,2958,2328,2218,2666,5.70,17.51,1.66,0.88,0.37,-0.78
20626,1,1286,2956,2317,2212,2672,7.63,15.07,1.74,-0.47,-0.05,-0.40
20646,1,1275,2953,2328,2210,2655,7.63,12.45,1.34,-0.58,0.60,-0.08
20666,1,1265,2945,2342,2206,2638,7.38,10.70,1.95,-0.64,0.67,0.04
20686,1,1250,2942,2343,2210,2629,6.72,9.26,2.99,-0.49,0.64,0.00
20706,1,1254,2942,2367,2209,2622,5.95,8.76,2.99,-0.39,0.29,0.02
20726,1,1256,2934,2365,2206,2632,6.11,8.25,2.03,-0.08,0.03,0.20
20746,1,1251,2931,2382,2206,2641,5.30,8.24,2.32,0.38,-0.21,0.33
20766,1,1265,2926,2409,2206,2636,4.66,8.09,2.50,0.32,-0.05,0.30
20786,1,1313,2917,2418,2209,2621,4.28,7.94,2.15,0.02,0.30,0.24
20806,1,1334,2904,2442,2178,2610,3.66,7.47,1.84,-0.12,0.48,0.17
20826,1,1505,2887,2383,2170,2594,3.37,7.18,1.35,0.03,0.50,0.21
20846,1,1737,2822,2397,2163,2607,3.25,7.39,-0.40,0.17,0.84,0.15
21850,1,1261,0,0,4,0,1.14,9.43,-1.31,0.02,0.18,-0.07
21870,1,1270,1,5,0,1,1.10,9.97,-1.47,0.08,0.17,-0.15
21890,1,1265,0,32,0,0,1.38,9.79,-1.29,-0.08,0.10,-0.13
21910,1,1265,0,1,15,0,1.55,9.35,-1.15,-0.07,0.24,-0.03
21930,1,1267,2,2,10,0,1.27,9.16,-1.10,-0.03,0.20,-0.06
21950,1,1274,0,3,0,0,1.24,9.28,-1.13,0.07,0.21,-0.14
21970,1,1268,0,0,2,3,1.22,9.99,-1.41,0.27,0.14,-0.21
21990,1,1266,8,0,0,3,1.28,10.41,-1.47,0.18,0.02,-0.19
22010,1,1268,6,0,0,10,1.64,9.78,-1.18,-0.15,-0.02,-0.07
22030,1,1262,0,7,0,0,1.33,10.27,-1.44,-0.03,0.17,-0.02
22050,1,1279,0,4,0,1,1.45,9.58,-1.09,-0.15,0.08,-0.04
22070,1,1264,7,9,10,12,1.45,9.39,-1.16,-0.07,0.17,-0.00
22090,1,1265,0,6,11,5,1.16,10.29,-1.38,0.10,0.08,-0.05
22110,1,1267,5,0,1,6,1.32,10.22,-1.18,-0.05,0.05,-0.05
22130,1,1268,14,4,2,0,1.44,9.62,-1.22,-0.20,0.12,0.03
22150,1,1267,6,0,3,1,1.23,9.61,-1.31,-0.11,0.09,0.05
22170,1,1266,0,0,1,11,1.14,9.59,-1.33,-0.01,-0.02,-0.00
22190,1,1271,0,1,9,0,1.27,10.13,-1.47,-0.03,-0.04,0.00
22210,1,1273,3,0,3,0,1.42,10.09,-1.26,-0.19,0.08,0.08
22230,1,1264,0,0,9,9,1.27,9.79,-1.45,-0.25,0.28,0.16
22250,1,1270,1,12,0,0,1.04,9.38,-1.37,-0.17,0.15,0.12
22270,1,1271,11,0,0,0,1.16,9.39,-1.31,-0.02,0.06,0.10
22290,1,1268,3,4,0,8,1.45,9.63,-1.63,0.03,-0.01,0.10
22310,1,1265,0,0,2,0,2.30,10.31,-1.82,0.06,0.12,0.09
22330,1,1267,4,5,2,13,3.40,11.66,-2.16,0.21,0.62,0.07
22350,1,1278,6,1,1,4,3.57,12.90,-2.67,0.55,1.29,-0.03
22370,1,1271,3,11,2,4,3.63,14.19,-3.64,1.39,1.71,-0.12
22390,1,1282,9,16,0,7,4.82,15.17,-4.70,1.74,1.72,0.31
22410,1,1283,0,3,5,10,5.43,15.63,-5.42,1.60,1.87,0.90
22430,1,1293,0,0,6,0,5.35,16.89,-5.93,1.42,2.22,1.13
22450,1,1287,0,1,3,0,5.30,17.19,-6.46,0.92,3.03,1.17
22470,1,1299,0,2,0,3,4.67,15.87,-7.61,0.23,4.37,1.17
22490,1,1313,0,0,5,0,3.84,14.73,-7.43,-0.13,4.37,1.17
22510,1,1338,0,0,7,1,2.73,12.24,-5.98,-0.78,4.37,1.58
22530,1,1359,0,217,790,9,2.49,11.01,-5.14,-1.11,4.37,1.79
22550,1,1347,0,424,1347,4,1.76,8.91,-3.93,-1.22,4.37,2.19
22570,1,1348,0,466,2062,4,0.68,7.21,-3.19,-1.41,4.37,2.20
22590,1,1348,15,1334,2133,3,-3.29,6.22,1.79,-2.08,4.12,2.61
22610,1,1357,5,1535,2350,84,-1.17,4.39,1.00,-2.68,3.86,2.42
22630,1,1354,0,1725,2324,87,-1.60,2.25,-0.04,-1.29,3.45,1.87
22650,1,1324,4,1894,2493,94,-2.41,1.37,2.05,-0.13,3.75,1.98
22670,1,1325,1,1999,2511,93,-2.36,2.25,2.93,0.43,2.19,1.55
22690,1,1285,1,1999,2546,98,-1.34,3.32,2.81,1.31,1.39,1.31
22710,1,1289,6,2004,2604,145,-0.86,5.50,4.03,1.53,1.09,0.93
22730,1,1300,2,2030,2730,158,-0.56,6.55,4.83,-0.05,1.12,0.36
22750,1,1265,5,2298,2716,226,-0.41,4.02,6.67,-1.87,0.31,-0.38
22770,1,1261,0,2263,2722,470,1.12,4.25,4.41,-2.68,-1.46,-1.47
22790,1,1291,1,2294,2710,748,4.28,7.50,2.71,-0.59,-1.55,-0.81
22810,1,1287,2,2278,2736,887,4.96,9.69,4.58,1.47,-0.79,-0.08
22830,1,1283,5,2302,2759,881,5.25,8.75,4.87,0.18,-1.59,-0.26
22850,1,1276,1,2310,2787,893,6.26,8.58,3.96,-0.44,-1.21,-0.44
22870,1,1268,1,2296,2796,891,5.69,8.26,3.32,-0.58,-1.03,-0.48
22890,1,1290,5,2290,2814,904,5.97,8.42,2.77,-0.40,-1.10,-0.42
22910,1,1263,0,2276,2802,181,6.34,8.41,2.90,-0.50,-1.00,-0.45
22930,1,1278,0,2233,2765,143,4.92,9.66,6.60,-0.37,-0.96,-0.32
22950,1,1260,4,2213,2726,0,6.35,7.00,2.26,-0.68,-1.10,-0.49
22970,1,1243,1,2126,2588,0,7.30,6.89,2.25,-0.78,-1.09,-0.47
22990,1,1252,9,2052,2431,3,7.38,6.09,2.56,-0.85,-1.18,-0.47
23010,1,1252,5,1887,2306,3,7.67,5.93,2.72,-0.79,-1.12,-0.43
23030,1,1267,2,1611,2246,2,7.12,5.82,2.79,-0.82,-1.07,-0.33
23050,1,1321,0,1485,2127,3,6.67,5.90,3.06,-0.51,-0.98,-0.31
23070,1,1326,4,1200,1944,1,6.15,5.68,3.45,-0.38,-1.19,-0.27
23090,1,1341,1,954,1910,5,6.14,5.64,3.86,-0.27,-1.13,-0.18
23110,1,1330,1,890,1862,12,6.21,5.56,4.29,-0.23,-1.15,-0.17
23130,1,1348,9,878,1543,2,6.02,5.67,4.98,-0.10,-0.92,-0.12
23150,1,1330,0,865,1716,0,6.14,6.01,5.40,0.18,-0.67,-0.01
23170,1,1365,1,756,1376,1,5.91,6.13,6.68,0.39,-0.60,0.14
23190,1,1297,4,0,600,9,6.04,5.40,6.67,0.12,-0.64,0.18
23210,1,1160,6,0,1,631,8.04,5.66,5.87,0.08,-1.23,-0.22
23230,1,1223,2,4,2,494,9.83,5.89,5.15,-0.11,-1.98,-0.78
23250,1,1342,4,0,2,633,12.76,8.65,4.96,-0.50,-3.67,-1.03
23270,1,1335,0,0,1,2,15.72,10.33,3.62,-2.28,-4.37,-0.46
23290,1,1309,2,0,0,0,14.67,9.55,1.98,-4.37,-2.77,-0.37
23310,1,1229,1,0,5,0,12.93,9.31,0.08,-4.37,-1.38,-0.65
23330,1,1244,6,0,0,1,11.71,9.54,1.90,-4.37,-1.61,-0.97
23350,1,1315,4,0,0,0,9.64,9.65,1.87,-4.37,-2.19,-0.59
23370,1,1340,0,2,0,1,9.12,7.98,2.11,-4.37,-1.96,0.05
23390,1,1335,0,1,0,1976,8.23,5.71,3.41,-4.37,-1.91,0.82
23410,1,1332,0,1,0,2156,7.28,2.41,2.66,-3.59,-1.83,2.15
23430,1,1326,10,0,3,2302,8.31,2.80,3.67,-1.41,-2.83,2.83
23450,1,1318,3,1230,619,2505,7.10,2.75,3.57,-0.65,-4.07,2.92
23470,1,1260,1,1657,1228,2738,7.74,2.43,0.91,0.21,-3.28,2.20
23490,1,1325,0,1646,1651,2822,6.36,1.64,3.61,-0.73,-2.96,2.41
23510,1,1254,786,1775,1967,2886,5.95,0.95,2.95,-2.31,-1.32,1.95
23530,1,1834,878,1963,2109,2909,3.28,-2.50,2.93,-3.05,0.32,0.74
23550,1,2135,869,2114,2220,2937,0.43,-6.00,1.28,-3.05,0.23,-1.15
23570,1,2139,866,2249,2252,2930,2.88,-6.05,-1.29,-1.34,0.76,-2.25
23590,1,2011,805,2377,2324,2937,1.13,-3.80,2.03,0.92,0.33,-2.78
23610,1,2161,733,2383,2357,2923,0.86,-0.18,3.32,1.78,-0.71,-3.25
23630,1,2032,749,2441,2405,2886,0.11,3.17,3.72,2.11,-0.94,-3.94
23650,1,1796,495,2416,2376,2906,0.73,8.31,4.32,2.46,-0.56,-3.95
23670,1,1751,454,2483,2351,2900,2.21,12.05,4.59,1.87,-0.50,-3.56
23690,1,1623,399,2557,2373,2890,2.45,14.25,3.10,1.35,-0.41,-3.15
23710,1,1623,391,2557,2384,2883,2.88,17.34,2.24,1.35,-0.36,-2.65
23730,1,1642,390,2562,2355,2882,5.37,18.31,1.63,0.37,-0.17,-1.81
23750,1,1640,411,2568,2387,2876,5.99,16.64,1.64,-0.35,0.25,-0.85
23770,1,1635,411,2572,2427,2888,6.22,13.51,2.40,-0.66,0.24,-0.27
23790,1,1642,408,2598,2381,2897,5.82,10.95,1.83,-0.63,0.41,0.06
23810,1,1592,2,2586,2395,2898,6.12,9.23,-0.24,-0.87,0.37,0.05
23830,1,1120,17,2589,2363,2913,5.61,7.91,2.86,-0.48,0.48,0.24
23850,1,1122,3,2516,2354,2890,4.70,7.38,1.60,-0.31,0.40,0.28
24854,1,1351,0,0,0,0,4.56,14.42,-3.47,0.90,3.01,0.67
24874,1,1349,0,0,11,0,4.68,14.44,-2.82,0.39,2.67,1.06
24894,1,1340,4,0,0,0,4.59,13.36,-3.18,-0.04,2.06,1.44
24914,1,1336,4,15,0,5,4.76,12.15,-2.69,-0.02,2.20,1.73
24934,1,1345,2,7,0,0,4.07,11.52,-2.69,-0.27,2.41,1.83
24954,1,1316,0,0,0,7,3.78,10.92,-2.65,-0.62,2.58,1.81
24974,1,1355,0,0,10,2,3.61,10.41,-2.68,-0.69,2.85,1.74
24994,1,1354,0,0,0,0,3.69,11.89,-3.16,-0.44,3.37,2.16
25014,1,1357,14,1,0,0,2.62,9.14,-1.81,-0.64,3.35,1.76
25034,1,1356,0,18,0,0,2.43,8.68,-1.57,-0.44,3.51,1.85
25054,1,1343,0,2,2,0,2.37,7.48,-0.33,-0.47,3.45,2.00
25074,1,1353,3,11,0,1,1.93,7.38,-0.20,-0.15,3.49,2.12
25094,1,1345,0,2,0,0,1.24,5.52,0.30,0.18,3.88,1.92
25114,1,1338,6,210,502,0,0.78,5.29,1.42,0.42,3.68,1.86
25134,1,1332,0,276,925,2,0.02,3.19,2.42,0.69,3.33,1.88
25154,1,1334,0,649,1612,0,-0.43,1.84,3.22,1.09,3.14,1.79
25174,1,1317,3,1655,1883,0,-0.81,2.68,3.34,1.78,2.90,1.62
25194,1,1296,0,1722,2137,1,-0.33,4.81,3.54,1.99,2.29,1.14
25214,1,1239,2,2058,2405,87,-1.19,8.90,7.10,0.83,2.29,1.15
25234,1,1350,1,2266,2566,99,-1.59,4.24,9.90,-2.06,-1.75,-0.94
25254,1,1310,5,2384,2581,145,0.67,3.30,6.33,-3.68,-1.79,-2.10
25274,1,1318,0,2330,2584,136,4.19,7.34,3.97,-0.41,-0.17,-0.66
25294,1,1294,0,2357,2621,140,4.44,8.38,3.87,2.11,-0.24,-0.01
25314,1,1293,0,2361,2706,146,5.10,9.58,3.86,1.92,-2.09,0.05
25334,1,1282,0,2352,2711,155,6.38,9.45,3.44,0.67,-1.88,-0.39
25354,1,1266,0,2370,2714,154,6.03,8.89,3.00,-0.50,-0.74,-0.52
25374,1,1233,4,2348,2735,146,6.19,8.29,2.17,-0.56,-0.55,-0.57
25394,1,1286,2,2317,2768,151,6.66,8.26,2.00,-0.21,-0.91,-0.48
25414,1,1220,1,2304,2728,149,7.12,8.13,1.88,-0.01,-1.25,-0.28
25434,1,1276,3,2234,2697,141,7.81,8.21,0.96,-0.54,-1.05,-0.32
25454,1,1221,4,2213,2614,123,7.28,6.91,2.25,-0.83,-0.90,-0.37
25474,1,1214,0,2200,2470,2,7.65,6.63,1.91,-0.85,-0.98,-0.45
25494,1,1241,0,2042,2332,0,7.88,6.72,2.19,-0.75,-1.06,-0.40
25514,1,1243,9,1717,2122,6,7.66,5.86,2.41,-0.73,-1.26,-0.42
25534,1,1234,0,1485,2076,3,7.72,5.77,2.96,-0.63,-1.17,-0.40
25554,1,1232,0,1229,1935,0,7.30,5.92,3.11,-0.54,-0.87,-0.29
25574,1,1233,0,1147,1721,0,6.81,6.07,3.29,-0.42,-0.85,-0.31
25594,1,1241,0,931,1624,1,6.82,6.14,3.54,-0.32,-0.74,-0.27
25614,1,1260,5,907,1412,0,6.50,6.02,3.40,-0.16,-0.57,-0.13
25634,1,1233,3,837,1419,0,6.39,5.84,3.81,0.25,-0.39,0.05
25654,1,1259,1,707,1296,4,6.10,6.42,4.40,0.48,-0.48,0.07
25674,1,1257,0,2,9,0,5.76,6.03,4.87,0.31,-0.57,0.19
25694,1,1188,13,0,0,0,6.08,5.61,4.70,-0.08,-0.81,-0.03
25714,1,1115,0,1,1,601,6.10,5.31,4.73,-0.30,-1.04,-0.39
25734,1,1217,6,0,1,495,7.98,6.47,4.27,-0.41,-1.54,-0.75
25754,1,1260,4,7,7,621,9.33,8.07,2.63,-0.48,-2.16,-0.87
25774,1,1259,10,3,10,0,11.54,9.98,3.89,-1.25,-3.09,-0.88
25794,1,1257,8,5,1,15,12.52,10.05,3.24,-2.75,-3.36,-0.85
25814,1,1238,0,0,7,0,13.64,12.18,2.89,-3.96,-2.89,-1.05
25834,1,1274,0,1,2,1,13.11,13.47,1.36,-4.37,-2.43,-0.89
25854,1,1335,2,0,9,9,11.53,12.65,2.37,-4.37,-2.19,-0.52
25874,1,1338,0,12,1,11,8.94,11.90,3.22,-4.37,-1.73,-0.12
25894,1,1317,3,0,0,0,8.02,11.05,3.85,-4.37,-1.56,0.88
25914,1,1348,0,1,6,1700,7.05,9.23,5.72,-4.37,-2.06,1.68
25934,1,1347,2,593,1,2085,7.75,6.23,3.31,-4.37,-2.17,2.18
25954,1,1343,6,1282,686,2384,7.10,2.42,1.95,-2.92,-2.41,2.79
25974,1,1333,0,1703,1561,2732,5.89,2.00,4.01,-1.20,-3.24,2.82
25994,1,1330,499,1835,1938,2846,5.95,1.54,1.26,0.63,-3.49,2.78
26014,1,1389,612,2050,2181,2908,4.55,2.22,4.50,-0.28,-3.32,2.72
26034,1,1339,601,1988,2344,2913,5.07,0.23,3.36,-1.35,-2.21,1.50
26054,1,1228,592,2236,2342,2938,3.71,-3.78,4.57,-2.64,-0.80,0.05
26074,1,1266,586,2308,2461,2942,3.85,-6.14,1.65,-3.02,0.61,-1.45
26094,1,1234,592,2351,2481,2946,0.39,-3.92,4.16,-0.17,1.17,-2.27
26114,1,1198,485,2408,2521,2945,1.68,-1.55,2.21,1.93,0.63,-2.97
26134,1,1233,353,2434,2546,2948,1.54,1.17,2.89,2.11,-1.00,-3.37
26154,1,1230,0,2423,2559,2938,0.58,2.40,4.53,2.06,-1.28,-3.65
26174,1,1175,406,2460,2622,2945,2.59,4.62,2.63,1.40,-0.88,-3.50
26194,1,1180,494,2544,2621,2945,2.32,6.71,3.50,0.98,-0.26,-3.30
26214,1,1187,573,2616,2631,2948,1.05,10.48,3.37,0.93,-0.22,-3.61
26234,1,1168,604,2625,2613,2928,2.92,13.76,2.86,1.03,-0.12,-3.49
26254,1,1151,600,2647,2633,2946,3.61,16.37,1.92,1.06,-0.16,-2.78
26274,1,1147,480,2654,2633,2953,5.46,18.61,0.96,1.21,0.00,-1.55
26294,1,1143,383,2669,2634,2962,6.02,17.70,0.99,0.85,0.46,-0.28
26314,1,1160,351,2673,2614,2949,7.65,14.34,-1.41,0.29,0.85,-0.32
26334,1,1159,286,2674,2618,2953,5.70,12.65,1.69,-0.95,0.37,-0.03
26354,1,1146,231,2667,2626,2951,6.44,10.46,1.59,-0.68,0.45,0.02
26374,1,1159,167,2664,2626,2960,6.28,9.36,1.50,-0.14,0.25,0.22
26394,1,1170,68,2666,2633,2958,5.62,8.70,1.75,0.20,0.18,0.37
26414,1,1162,73,2665,2654,2949,4.76,8.41,1.69,0.17,0.19,0.34
26434,1,1162,1,2670,2619,2959,4.48,8.28,1.65,-0.06,0.24,0.25
26454,1,1163,3,2682,2619,2959,4.17,7.85,1.83,-0.30,0.39,0.25
26474,1,1168,5,2684,2636,2957,3.92,7.51,1.81,-0.39,0.36,0.28
26494,1,1261,1,2670,2613,2953,3.56,7.51,1.91,-0.31,0.35,0.33
26514,1,1275,0,2644,2568,2931,3.12,6.96,2.06,-0.28,0.40,0.34
26534,1,1380,0,2604,2549,2911,2.70,6.38,1.62,-0.14,0.58,0.31
26554,1,1739,0,2508,2565,2898,1.59,5.64,0.21,0.43,0.66,0.08
26574,1,1354,0,2487,2558,2877,2.44,5.88,-1.04,1.76,0.50,-0.23
26594,1,1270,3,2491,2558,2885,2.35,6.86,-1.28,2.50,0.39,-0.25
26614,1,1276,0,2496,2553,2877,3.29,8.04,-0.40,2.68,0.41,-0.31
26634,1,1246,0,2482,2528,2867,4.40,5.44,-6.70,2.41,1.17,-0.57
26654,1,1292,1,2480,2394,2863,3.29,9.60,-0.25,2.64,1.89,-0.74
26674,1,1300,1,2450,2343,2800,3.41,9.46,-0.89,1.76,1.84,-0.90
26694,1,1214,7,2458,2227,2659,3.91,8.91,-0.41,0.72,1.44,-0.84
26714,1,1282,1465,2384,2173,2589,4.41,8.24,0.11,0.84,1.75,-0.75
26734,1,1290,0,2300,1917,2350,4.18,8.02,0.12,0.94,2.13,-1.02
26754,1,1292,0,2142,1623,2000,4.10,7.86,-0.28,1.01,2.17,-1.29
26774,1,1283,2,1853,1298,1828,4.21,8.45,0.12,1.01,1.87,-1.40
26794,1,1293,616,1210,868,1519,4.66,8.94,0.35,1.31,1.29,-1.35
26814,1,1257,423,864,2,0,4.78,9.98,0.88,1.48,1.22,-1.32
26834,1,1294,233,0,0,1,4.56,9.80,1.14,1.12,1.30,-1.27
26854,1,1298,143,5,0,5,4.29,9.05,1.95,0.52,1.42,-1.49
27858,1,1309,0,2,0,0,4.47,11.45,-1.53,0.03,0.27,0.38
27878,1,1303,2,1,0,8,4.82,12.13,-1.62,0.05,0.57,0.44
27898,1,1300,1,2,0,0,5.05,12.42,-1.81,-0.09,1.02,0.58
27918,1,1302,4,0,1,0,5.12,12.54,-1.94,-0.16,1.56,0.73
27938,1,1290,0,0,0,0,4.74,12.19,-1.42,-0.23,1.95,0.83
27958,1,1292,0,0,0,0,4.73,11.34,-1.46,-0.19,2.03,1.00
27978,1,1298,1,1,1,2,4.54,11.34,-1.31,0.10,2.02,1.24
27998,1,1301,2,1,0,5,4.55,10.71,-1.11,0.20,1.90,1.40
28018,1,1291,1,3,4,2,4.30,10.57,-1.08,0.33,2.03,1.46
28038,1,1277,0,1,3,1,4.14,9.32,-0.84,0.10,2.14,1.49
28058,1,1290,1,1,2,0,4.31,8.90,-0.49,-0.02,2.41,1.51
28078,1,1247,0,5,0,0,4.40,8.53,-0.46,-0.30,2.38,1.45
28098,1,1265,5,2,0,0,4.55,8.03,-0.56,-0.64,2.42,1.43
28118,1,1294,3,0,1,1,4.51,7.35,-0.08,-0.62,2.67,1.43
28138,1,1266,0,8,0,1,4.32,6.98,-0.15,-0.26,3.13,1.33
28158,1,1304,6,2,451,1,3.95,6.31,0.26,-0.33,2.75,1.28
28178,1,1306,2,218,791,0,3.79,6.21,0.73,-0.14,2.46,1.25
28198,1,1298,1,213,1338,2,3.47,5.23,1.59,0.31,2.32,1.28
28218,1,1293,4,454,1989,1,3.52,5.83,1.74,0.61,2.11,1.31
28238,1,1272,1,1504,2187,0,3.06,6.37,2.33,0.98,1.82,1.23
28258,1,1277,0,1767,2346,0,2.67,5.89,2.77,0.81,1.44,0.99
28278,1,1283,2,1801,2512,86,2.77,6.13,2.98,0.51,1.66,0.78
28298,1,1281,1,1828,2554,77,0.67,7.81,4.37,0.10,2.16,0.68
28318,1,1224,0,2131,2567,91,-0.51,7.22,8.43,-1.87,0.31,-0.29
28338,1,1273,0,2083,2590,92,1.16,4.70,6.12,-3.15,-1.17,-0.94
28358,1,1298,3,1995,2575,97,3.93,7.12,2.89,-0.18,-0.29,-0.50
28378,1,1287,0,2087,2582,98,3.73,8.79,3.39,1.12,-0.24,-0.09
28398,1,1290,253,2181,2565,127,4.75,9.55,3.06,0.85,-1.25,0.05
28418,1,1273,262,2160,2603,146,4.63,8.70,4.25,-0.08,-0.86,-0.13
28438,1,1289,246,2014,2611,163,4.23,8.29,3.86,-0.76,-0.22,-0.27
28458,1,1286,2,2229,2661,164,3.97,7.93,3.60,-0.53,-0.31,-0.34
28478,1,1286,0,2201,2714,171,3.91,8.31,3.55,0.04,-0.92,-0.15
28498,1,1278,7,2261,2734,182,4.87,8.34,2.63,0.33,-1.09,-0.17
28518,1,1254,2,2239,2778,174,4.69,8.42,3.44,-0.10,-1.29,-0.27
28538,1,1268,0,2269,2777,162,6.10,8.29,2.10,-0.28,-0.99,-0.36
28558,1,1188,5,2212,2722,153,6.64,7.83,2.02,-0.32,-0.89,-0.42
28578,1,1258,2,1840,2697,99,6.57,7.53,2.65,-0.46,-1.10,-0.39
28598,1,1243,6,1934,2598,1,7.51,7.48,2.33,-0.49,-1.15,-0.39
28618,1,1255,7,1814,2420,0,7.96,7.50,1.90,-0.73,-1.11,-0.43
28638,1,1248,3,1869,2325,3,7.45,6.56,2.45,-0.97,-1.00,-0.51
28658,1,1285,3,1573,2182,0,7.62,6.23,2.55,-0.94,-0.80,-0.50
28678,1,1282,4,1397,2093,1,6.85,5.46,2.76,-0.78,-0.82,-0.50
28698,1,1329,0,1215,2030,0,6.68,5.11,3.20,-0.88,-1.05,-0.40
28718,1,1340,3,1119,1943,3,6.17,4.44,4.02,-0.57,-0.96,-0.42
28738,1,1352,0,970,1591,1,6.26,4.59,4.19,-0.18,-0.77,-0.13
28758,1,1350,0,903,1557,0,5.71,5.22,4.36,0.25,-0.62,0.11
28778,1,1362,0,826,1511,1,5.87,6.23,4.55,0.34,-0.85,0.25
28798,1,1388,1,707,1312,0,6.21,6.59,4.53,0.39,-0.95,0.27
28818,1,1181,0,2,209,644,5.55,5.13,4.65,0.24,-0.56,0.20
28838,1,1113,6,1,3,6,4.87,4.29,4.82,-0.09,-0.25,0.14
28858,1,893,1,0,7,3,4.83,3.37,5.18,0.08,-0.28,0.10
28878,1,1106,1505,1,0,626,6.03,3.88,4.36,0.62,-0.76,-0.16
28898,1,1049,874,34,6,623,7.46,6.32,3.56,0.50,-1.90,-0.61
28918,1,1199,1,1,2,594,8.48,7.43,3.79,-0.25,-2.42,-1.13
28938,1,1140,0,0,0,0,9.78,7.36,3.54,-1.31,-2.86,-1.17
28958,1,1041,3,1,1,5,11.16,8.99,2.46,-2.07,-3.60,-1.08
28978,1,1207,2,1,0,6,11.89,12.00,3.26,-1.58,-4.09,-2.16
28998,1,1313,1,0,0,2,11.99,11.55,-0.51,-2.85,-4.37,-1.75
29018,1,1341,2,1,1,1,10.28,12.35,-0.19,-4.24,-4.07,-1.71
29038,1,1307,0,7,0,2,8.64,11.67,-0.42,-4.37,-3.71,-1.22
29058,1,1288,3,0,0,1640,8.69,14.30,0.36,-3.87,-2.99,-0.31
29078,1,1284,0,0,1,1988,8.80,15.02,0.32,-3.66,-2.30,0.69
29098,1,1337,1,522,3,2202,7.19,15.62,0.98,-3.04,-1.51,1.46
29118,1,1337,2,1293,708,2400,6.66,14.30,1.57,-2.56,-1.83,1.79
29138,1,1341,1,1609,1036,2523,7.27,13.07,1.46,-2.51,-1.99,2.51
29158,1,1326,1,1762,1539,2739,6.95,11.87,2.12,-0.98,-1.12,3.13
29178,1,1348,277,1990,1562,2774,5.99,11.65,2.51,-0.19,-0.47,3.55
29198,1,1333,549,2111,1746,2829,4.98,9.83,2.11,-1.15,-0.52,3.77
29218,1,1364,630,2191,2022,2896,4.50,7.56,2.05,-2.17,-0.39,3.96
29238,1,1350,629,2205,2070,2925,3.87,4.85,3.04,-2.80,-0.50,3.94
29258,1,1302,618,2214,2381,2935,3.18,3.49,2.12,-2.92,-0.73,3.66
29278,1,1254,607,2311,2416,2964,2.32,1.44,4.29,-2.45,-0.65,3.46
29298,1,1185,557,2475,2444,2982,3.72,0.16,2.97,-1.85,-0.51,2.94
29318,1,1138,476,2502,2455,2986,3.70,-1.15,2.68,-1.88,-1.09,2.32
29338,1,1213,446,2546,2528,2950,3.64,-2.93,2.85,-1.80,-1.26,1.73
29358,1,1176,498,2564,2498,2950,2.61,-4.56,-0.11,-1.29,-1.27,1.36
29378,1,1190,149,2534,2562,2966,3.57,-5.52,0.71,-0.15,-0.57,0.53
29398,1,1242,78,2570,2622,2980,3.23,-5.88,1.39,-0.12,-0.40,-0.50
29418,1,1226,67,2597,2680,2928,4.92,-6.43,1.74,-0.04,0.12,-1.30
29438,1,1230,100,2614,2662,2984,2.88,-5.67,0.33,0.51,-0.11,-1.97
29458,1,1178,4,2608,2654,2980,2.93,-4.27,1.13,0.85,-0.10,-2.59
29478,1,1174,0,2611,2685,2987,2.77,-3.43,1.31,0.96,-0.00,-3.12
29498,1,1180,2,2620,2713,2991,2.69,-2.09,1.71,0.82,0.06,-3.74
29518,1,1178,1,2636,2732,2998,2.46,0.11,1.86,1.03,0.27,-4.37
29538,1,1184,0,2637,2760,2980,2.07,2.87,1.85,1.51,0.38,-4.37
29558,1,1202,0,2653,2762,2954,2.21,5.98,-2.66,2.07,0.28,-4.37
29578,1,1154,0,2695,2762,2987,2.18,6.44,3.14,1.77,0.35,-4.37
29598,1,1162,1,2678,2744,2993,1.89,11.22,2.38,2.28,0.50,-4.37
29618,1,1161,0,2685,2711,2991,0.22,15.38,3.37,2.92,-0.06,-4.37
29638,1,1165,1,2685,2689,2902,1.12,19.78,2.81,0.45,-1.90,-4.37
29658,1,1170,1,2683,2704,2962,2.60,19.81,-0.06,0.28,-0.85,-4.00
29678,1,1164,3,2674,2659,2903,4.15,21.21,-0.25,0.23,-0.59,-3.41
29698,1,1233,2,2680,2611,2962,5.05,19.67,0.05,-0.13,-0.17,-2.56
29718,1,1180,1,2675,2608,2978,4.47,17.45,-1.28,-0.41,0.24,-1.42
29738,1,1176,0,2677,2597,2968,5.01,16.65,0.02,-0.15,0.10,-0.55
29758,1,1174,0,2678,2572,2967,5.22,15.18,-0.02,0.30,-0.34,-0.11
29778,1,1182,2,2645,2554,2964,5.16,13.97,0.30,0.45,-0.61,0.08
29798,1,1189,0,2641,2569,2970,5.04,13.33,0.46,0.29,-0.26,0.26
29818,1,1203,0,2643,2547,2962,4.54,12.48,0.56,-0.06,0.16,0.40
29838,1,1220,0,2652,2545,2959,4.00,11.52,0.80,-0.29,0.30,0.60
29858,1,1202,3,2646,2547,2966,3.23,10.59,0.72,-0.52,0.35,0.76
